appid,name
570,Dota 2
730,Counter-Strike: Global Offensive
578080,PUBG: BATTLEGROUNDS
1623730,Palworld
440,Team Fortress 2
1172470,Apex Legends
1063730,New World
1938090,Call of Duty: Modern Warfare II
271590,Grand Theft Auto V
550,Left 4 Dead 2
252490,Rust
1599340,Lost Ark
304930,Unturned
230410,Warframe
553850,HELLDIVERS 2
236390,War Thunder
1245620,ELDEN RING
105600,Terraria
291550,Brawlhalla
4000,Garry's Mod
1086940,Baldur's Gate 3
359550,Tom Clancy's Rainbow Six Siege
1085660,Destiny 2
431960,Wallpaper Engine
340,Half-Life 2: Lost Coast
346110,ARK: Survival Evolved
892970,Valheim
1091500,Cyberpunk 2077
218620,PAYDAY 2
901583,Grand Theft Auto IV: Complete Edition
242760,The Forest
238960,Path of Exile
322330,Don't Starve Together
1203220,NARAKA: BLADEPOINT
945360,Among Us
899770,Last Epoch
1097150,Fall Guys: Ultimate Knockout
381210,Dead by Daylight
292030,The Witcher 3: Wild Hunt
291480,Warface
444090,Paladins
413150,Stardew Valley
227300,Euro Truck Simulator 2
10,Counter-Strike
552990,World of Warships
272060,Serena
739630,Phasmophobia
227940,Heroes & Generals
620,Portal 2
252950,Rocket League
990080,Hogwarts Legacy
1966720,Lethal Company
1240440,Halo Infinite
240,Counter-Strike: Source
438100,VRChat
1517290,Battlefield 2042
70,Half-Life
320,Half-Life 2: Deathmatch
582010,Monster Hunter: World
1468810,鬼谷八荒 Tale of Immortal
386360,SMITE
648800,Raft
755790,Ring of Elysium
550650,Black Squad
1174180,Red Dead Redemption 2
301520,Robocraft
239140,Dying Light
400,Portal
477160,Human Fall Flat
100,Counter-Strike: Condition Zero
367520,Hollow Knight
251570,7 Days to Die
433850,Z1 Battle Royale
417910,Street Warriors Online
250900,The Binding of Isaac: Rebirth
814380,Sekiro: Shadows Die Twice - GOTY Edition
261550,Mount & Blade II: Bannerlord
1222670,The Sims 4
304050,Trove
532210,Life is Strange 2
1811260,EA SPORTS FIFA 23
377160,Fallout 4
444200,World of Tanks Blitz
1238810,Battlefield V
255710,Cities: Skylines
107410,Arma 3
289070,Sid Meier’s Civilization VI
60,Ricochet
218230,PlanetSide 2
204360,Castle Crashers
72850,The Elder Scrolls V: Skyrim
108600,Project Zomboid
221100,DayZ
1089350,NBA 2K20
96000,The Tiny Bang Story
1326470,Sons Of The Forest
49520,Borderlands 2
1046930,Dota Underlords
275850,No Man's Sky
489520,Minion Masters
224260,No More Room in Hell
80,Counter-Strike: Condition Zero
203160,Tomb Raider
632360,Risk of Rain 2
322170,Geometry Dash
374320,DARK SOULS III
300,Day of Defeat: Source
466240,Deceit
394360,Hearts of Iron IV
278360,A Story About My Uncle
489830,The Elder Scrolls V: Skyrim Special Edition
275390,Guacamelee! Super Turbo Championship Edition
220,Half-Life 2
594650,Hunt: Showdown
333930,Dirty Bomb
427520,Factorio
700330,SCP: Secret Laboratory
1172620,Sea of Thieves: 2024 Edition
311210,Call of Duty: Black Ops III
976730,Halo: The Master Chief Collection
588430,Fallout Shelter
10180,Call of Duty: Modern Warfare 2 (2009)
219990,Grim Dawn
883710,Resident Evil 2
1446780,MONSTER HUNTER RISE
2195250,EA SPORTS FC 24
387990,Scrap Mechanic
1407200,World of Tanks
22380,Fallout: New Vegas
582660,Black Desert
8930,Sid Meier's Civilization V
264710,Subnautica
219640,Chivalry: Medieval Warfare
284160,BeamNG.drive
20,Team Fortress Classic
363970,Clicker Heroes
273350,Evolve Stage 2
236850,Europa Universalis IV
2050650,Resident Evil 4
30,Day of Defeat
244210,Assetto Corsa
225840,Sven Co-op
1794680,Vampire Survivors
253710,theHunter Classic
439700,Z1 Battle Royale: Test Server
1818750,MultiVersus
365590,Tom Clancy’s The Division
319630,Life is Strange - Episode 1
1145360,Hades
813820,Realm Royale
12210,Grand Theft Auto IV: The Complete Edition
365670,Blender
526870,Satisfactory
420,Half-Life 2: Episode Two
221380,Age of Empires II (Retired)
238460,BattleBlock Theater
1426210,It Takes Two
594570,Total War: WARHAMMER II
12120,Grand Theft Auto: San Andreas
268500,XCOM 2
360,Half-Life Deathmatch: Source
2630,Call of Duty 2
1286830,STAR WARS: The Old Republic
242050,Assassin’s Creed IV Black Flag
109600,Neverwinter
646570,Slay the Spire
8870,BioShock Infinite
500,Left 4 Dead
601150,Devil May Cry 5
629760,MORDHAU
1293830,Forza Horizon 4
379720,DOOM
2881650,Content Warning
211500,RaceRoom Racing Experience
677620,Splitgate: Arena Warfare
588650,Dead Cells
435150,Divinity: Original Sin 2 - Definitive Edition
223710,Cry of Fear
1100600,Football Manager 2020
863550,HITMAN 2
555570,Infestation: The New Z
273110,Counter-Strike Nexon: Studio
397900,Business Tour - Board Game with Online Multiplayer
698780,Doki Doki Literature Club!
779340,Total War: THREE KINGDOMS
268910,Cuphead
1118200,People Playground
1593500,God of War
868270,The Cycle
1049590,Eternal Return: Black Survival
782330,DOOM Eternal
223470,POSTAL 2
232770,POSTAL
1237970,Titanfall 2
513710,SCUM
1332010,Stray
241930,Middle-earth: Shadow of Mordor
518790,theHunter: Call of the Wild
208090,Loadout
424840,Little Nightmares
391540,Undertale
1229490,ULTRAKILL
534380,Dying Light 2 Stay Human: Reloaded Edition
113400,APB Reloaded
294100,RimWorld
48700,Mount & Blade: Warband
440900,Conan Exiles
339610,Freestyle 2: Street Basketball
285800,Braveland
6060,"STAR WARS Battlefront II (Classic, 2005)"
766570,Russian Fishing 4
206420,Saints Row IV: Re-Elected
1551360,Forza Horizon 5
304390,FOR HONOR
548430,Deep Rock Galactic
39210,FINAL FANTASY XIV Online
351940,The Descendant
225540,Just Cause 3
252130,Divide By Sheep
55230,Saints Row: The Third
380600,Fishing Planet
1238840,Battlefield 1
211820,Starbound
223750,DCS World Steam Edition
8190,Just Cause 2
238320,Outlast
466560,Northgard
391220,Rise of the Tomb Raider
3590,Plants vs. Zombies GOTY Edition
1716740,Starfield
200210,Realm of the Mad God Exalt
262060,Darkest Dungeon
42910,Magicka
1250,Killing Floor
960090,Bloons TD 6
346900,AdVenture Capitalist
630,Alien Swarm
222880,Insurgency
57300,Amnesia: The Dark Descent
306130,The Elder Scrolls Online
508440,Totally Accurate Battle Simulator
1868140,DAVE THE DIVER
115300,Call of Duty: Modern Warfare 3 (2011)
240720,Getting Over It with Bennett Foddy
1225330,NBA 2K21
355840,Survarium
397540,Borderlands 3
286160,Tabletop Simulator
504370,Battlerite
20920,The Witcher 2: Assassins of Kings Enhanced Edition
55150,"Warhammer 40,000: Space Marine - Anniversary Edition"
212680,FTL: Faster Than Light
231430,Company of Heroes 2
744900,Dead Frontier 2
244850,Space Engineers
1677740,Stumble Guys
761890,Albion Online
395170,DISTRAINT: Deluxe Edition
130,Half-Life: Blue Shift
281990,Stellaris
504230,Celeste
1366540,Dyson Sphere Program
220240,Far Cry 3
33930,Arma 2: Operation Arrowhead
24240,PAYDAY The Heist
871720,Ultimate Custom Night
202970,Call of Duty: Black Ops II
844870,KurtzPel
1506830,FIFA 22
1721470,Poppy Playtime
671860,BattleBit Remastered
813780,Age of Empires II: Definitive Edition
63380,Sniper Elite V2
1144200,Ready or Not
1222680,Need for Speed Heat
386180,Crossout
620980,Beat Saber
311690,Enter the Gungeon
304430,INSIDE
674940,Stick Fight: The Game
234140,Mad Max
212500,The Lord of the Rings Online
1604030,V Rising
1151340,Fallout 76
1817070,Marvel’s Spider-Man Remastered
601510,Yu-Gi-Oh! Duel Links
1056960,Wolfenstein: Youngblood
7670,BioShock
962130,Grounded
457140,Oxygen Not Included
546560,Half-Life: Alyx
1196590,Resident Evil Village
323190,Frostpunk
1145350,Hades II
208650,Batman: Arkham Knight
356190,Middle-earth: Shadow of War
261640,Borderlands: The Pre-Sequel
884660,CRSED: F.O.A.D.
1180380,Stay Out
201270,Total War: SHOGUN 2
302830,BLOCKADE 3D
1832640,Mirror 2: Project X
552520,Far Cry 5
881020,Granblue Fantasy: Relink
270880,American Truck Simulator
203770,Crusader Kings II
506540,Last Man Standing
233450,Prison Architect
312990,The Expendabros
613100,House Flipper
236870,HITMAN
20900,The Witcher: Enhanced Edition Director's Cut
10090,Call of Duty: World at War
50,Half-Life: Opposing Force
220200,Kerbal Space Program
42680,Call of Duty: Modern Warfare 3 (2011)
265630,Fistful of Frags
9480,Saints Row 2
312660,Sniper Elite 4
214950,Total War: ROME II - Emperor Edition
245170,Skullgirls 2nd Encore
359320,Elite Dangerous
274190,Broforce
418460,Rising Storm 2: Vietnam
35450,Red Orchestra 2: Heroes of Stalingrad with Rising Storm
376210,The Isle
1260320,Party Animals
219150,Hotline Miami
99900,Spiral Knights
1259420,Days Gone
200510,XCOM: Enemy Unknown
380,Half-Life 2: Episode One
335240,Transformice
918570,Century: Age of Ashes
35720,Trine 2: Complete Story
207610,The Walking Dead
232090,Killing Floor 2
1057090,Ori and the Will of the Wisps
370910,Kathy Rain
219740,Don't Starve
409710,BioShock Remastered
299360,Block N Load
50130,Mafia II (Classic)
202990,Call of Duty: Black Ops II
728880,Overcooked! 2
224600,Defiance
1272080,PAYDAY 3
582160,Assassin's Creed Origins
17410,Mirror's Edge
1289310,Helltaker
307780,Mortal Kombat X
233130,Shadow Warrior
4560,Company of Heroes - Legacy Edition
355180,Codename CURE
880940,Pummel Party
247080,Crypt of the NecroDancer
516750,My Summer Car
678950,DRAGON BALL FighterZ
362890,Black Mesa
976310,Mortal Kombat 11
403640,Dishonored 2
418370,Resident Evil 7 Biohazard
285900,Gang Beasts
361420,ASTRONEER
113200,The Binding of Isaac
552500,Warhammer: Vermintide 2
209870,Blacklight: Retribution
33230,Assassin's Creed 2
386940,Ultimate Chicken Horse
1454400,Cookie Clicker
262410,World of Guns: Gun Disassembly
391720,Layers of Fear (2016)
460930,Tom Clancy's Ghost Recon Wildlands
203140,Hitman: Absolution
447040,Watch_Dogs 2
213670,South Park: The Stick of Truth
274170,Hotline Miami 2: Wrong Number
335300,DARK SOULS II: Scholar of the First Sin
12100,Grand Theft Auto III
282070,This War of Mine
838350,太吾绘卷 The Scroll Of Taiwu
379430,Kingdom Come: Deliverance
905370,Conqueror's Blade
34330,Total War: SHOGUN 2
407530,ARK: Survival Of The Fittest
287700,METAL GEAR SOLID V: THE PHANTOM PAIN
204880,Sins of a Solar Empire: Rebellion
1371980,No Rest for the Wicked
617290,Remnant: From the Ashes
1943950,Escape the Backrooms
438740,Friday the 13th: The Game
265930,Goat Simulator
1222140,Detroit: Become Human
269210,Hero Siege
372000,Tree of Savior (English Ver.)
1361210,"Warhammer 40,000: Darktide"
1158310,Crusader Kings III
812140,Assassin's Creed Odyssey
65800,Dungeon Defenders
475150,Titan Quest Anniversary Edition
1056640,Phantasy Star Online 2
214490,Alien: Isolation
387290,Ori and the Blind Forest: Definitive Edition
1619450,Heart of a Warrior
1372880,The Day Before
331470,Everlasting Summer
282440,Quake Live
239030,"Papers, Please"
845070,The Awesome Adventures of Captain Spirit
286690,Metro 2033 Redux
367500,Dragon's Dogma: Dark Arisen
686810,Hell Let Loose
581320,Insurgency: Sandstorm
703080,Planet Zoo
412020,Metro Exodus
235460,METAL GEAR RISING: REVENGEANCE
992300,嗜血印 Bloody Spell
242720,GunZ 2: The Second Duel
246620,Plague Inc: Evolved
550900,Metin2
967050,Pacify
316010,Magic Duels
24200,DC Universe Online
11020,TrackMania Nations Forever
287390,Metro: Last Light Redux
233860,Kenshi
389730,TEKKEN 7
648350,Jurassic World Evolution
8850,BioShock 2
286940,S.K.I.L.L. - Special Force 2 (Shooter)
279720,The I of the Dragon
248570,Toribash
203290,America's Army: Proving Grounds
646910,The Crew 2
207140,SpeedRunners
221040,Resident Evil 6
530700,Argo
221910,The Stanley Parable
47870,Need For Speed: Hot Pursuit
201790,Orcs Must Die! 2
55100,Homefront
427730,Who's Your Daddy?!
641990,The Escapists 2
238090,Sniper Elite 3
24960,Battlefield: Bad Company 2
434650,Lost Castle / 失落城堡
295110,Just Survive
1569040,Football Manager 2022
209000,Batman: Arkham Origins
644560,Mirror
1142710,Total War: WARHAMMER III
38400,Fallout: A Post Nuclear Role Playing Game
305620,The Long Dark
424370,Wolcen: Lords of Mayhem
391460,WARMODE
286570,F1 2015
1515950,Capcom Arcade Stadium
12200,Bully: Scholarship Edition
17390,SPORE
841370,NBA 2K19
1092790,Inscryption
431240,Golf With Your Friends
211420,DARK SOULS: Prepare To Die Edition
1263850,Football Manager 2021
42700,Call of Duty: Black Ops
1254120,Bless Unleashed
201810,Wolfenstein: The New Order
524220,NieR:Automata
48000,LIMBO
1637320,Dome Keeper
1172380,STAR WARS Jedi: Fallen Order
12220,Grand Theft Auto: Episodes from Liberty City
253980,Enclave
787860,Farming Simulator 19
200260,Batman: Arkham City - Game of the Year Edition
1466860,Age of Empires IV: Anniversary Edition
261570,Ori and the Blind Forest
881100,Noita
1520470,封灵档案
108710,Alan Wake
1217060,Gunfire Reborn
1363080,Manor Lords
1203620,Enshrouded
310950,Street Fighter V
436150,Governor of Poker 3
644930,They Are Billions
325610,Total War: ATTILA
280,Half-Life: Source
1128810,RISK: Global Domination
310560,DiRT Rally
12110,Grand Theft Auto: Vice City
1250410,Microsoft Flight Simulator 40th Anniversary Edition
19680,Alice: Madness Returns
848450,Subnautica: Below Zero
8500,EVE Online
414340,Hellblade: Senua's Sacrifice
259080,Just Cause 2: Multiplayer Mod
242920,Banished
205100,Dishonored
35700,Trine Enchanted Edition
236110,Dungeon Defenders II
303390,Dead Bits
50300,Spec Ops: The Line
210770,Sanctum 2
783770,Ironsight
1274570,DEVOUR
388410,Darksiders II Deathinitive Edition
40800,Super Meat Boy
202170,Sleeping Dogs
1888160,ARMORED CORE VI FIRES OF RUBICON
774171,Muse Dash
740130,Tales of Arise
225260,Brutal Legend
41070,Serious Sam 3: BFE
319510,Five Nights at Freddy's
470220,UNO
254700,Resident Evil 4 (2005)
9900,Star Trek Online
105450,Age of Empires III (2007)
2054970,Dragon's Dogma 2
268420,Aura Kingdom
389570,Mitos.is: The Game
1248130,Farming Simulator 22
110800,L.A. Noire
206210,Gotham City Impostors Free to Play
204300,Awesomenauts - the 2D moba
15620,"Warhammer 40,000: Dawn of War II"
22370,Fallout 3: Game of the Year Edition
7940,Call of Duty 4: Modern Warfare (2007)
323580,Jotun: Valhalla Edition
343710,Kholat
464920,Surviving Mars
265590,The Red Solstice
244450,Men of War: Assault Squad 2
216150,MapleStory
570940,DARK SOULS: REMASTERED
493340,Planet Coaster
1840,Source Filmmaker
1167630,Teardown
767560,War Robots
282140,SOMA
1408720,Krunker
527230,For The King
47890,The Sims 3
50620,Darksiders
35140,Batman: Arkham Asylum Game of the Year Edition
238010,Deus Ex: Human Revolution - Director's Cut
823130,Totally Accurate Battlegrounds
204450,Call of Juarez: Gunslinger
47780,Dead Space 2
640820,Pathfinder: Kingmaker — Enhanced Plus Edition
39120,RIFT
611500,Quake Champions
394510,HELLDIVERS Dive Harder Edition
433340,Slime Rancher
204100,Max Payne 3
266840,Age of Mythology: Extended Edition
65930,The Bureau: XCOM Declassified
337000,Deus Ex: Mankind Divided
952060,Resident Evil 3
200710,Torchlight II
3830,Psychonauts
1313140,Cult of the Lamb
1399780,Spellbreak
482730,Football Manager 2017
645630,Car Mechanic Simulator 2018
1942280,Brotato
414700,Outlast 2
330020,Children of Morta
815370,Green Hell
900883,The Elder Scrolls IV: Oblivion Game of the Year Edition Deluxe
1029690,Sniper Elite 5
1030840,Mafia: Definitive Edition
307690,Sleeping Dogs: Definitive Edition
383870,Firewatch
454650,DRAGON BALL XENOVERSE 2
368260,Marvel's Midnight Suns
317360,Double Action: Boogaloo
368230,Kingdom: Classic
1304930,The Outlast Trials
606150,Moonlighter
738060,Freddy Fazbear's Pizzeria Simulator
632470,Disco Elysium - The Final Cut
630100,SoulWorker - Anime Action MMO
436520,Line of Sight
314160,Microsoft Flight Simulator X: Steam Edition
1284210,Guild Wars 2
460950,Katana ZERO
1522820,Orcs Must Die! 3
40990,Mafia
2310,Quake
1277400,Monster Hunter Stories 2: Wings of Ruin
312530,Duck Game
41700,S.T.A.L.K.E.R.: Call of Pripyat
554620,Life is Strange: Before the Storm
234650,Shadowrun Returns
1364780,Street Fighter 6
17470,Dead Space (2008)
424280,Iron Snout
104900,ORION: Prelude
485510,Nioh: Complete Edition
480490,Prey
342200,MechWarrior Online Solaris 7
393380,Squad
2670630,Supermarket Simulator
788100,Neon Abyss
1904540,Football Manager 2023
893520,Creative Destruction
1824220,Chivalry 2
629520,Soundpad
701160,Kingdom Two Crowns
204340,Serious Sam 2
389430,Knight Online
349040,NARUTO SHIPPUDEN: Ultimate Ninja STORM 4
287290,Resident Evil Revelations 2
2186680,"Warhammer 40,000: Rogue Trader"
1222700,A Way Out
2215430,Ghost of Tsushima DIRECTOR'S CUT
21690,Resident Evil 5
1501750,Lords of the Fallen
633230,NARUTO TO BORUTO: SHINOBI STRIKER
409720,BioShock 2 Remastered
453480,Shadowverse CCG
680420,OUTRIDERS
1139900,Ghostrunner
563560,Alien Swarm: Reactive Drop
57690,Tropico 4
495420,State of Decay 2: Juggernaut Edition
212160,Vindictus
308040,Back to Bed
1343400,RuneScape 
544810,KARDS - The WWII Card Game
872790,Football Manager 2019
346010,Besiege
208140,ENDLESS Space - Definitive Edition
206440,To the Moon
368500,Assassin's Creed Syndicate
502500,ACE COMBAT 7: SKIES UNKNOWN
238370,Magicka 2
858820,Tribes of Midgard
365450,Hacknet
32370,STAR WARS Knights of the Old Republic
349700,Romero's Aftermath
10500,Total War: EMPIRE – Definitive Edition
736590,Operation: Harsh Doorstop
206500,AirMech Strike
268050,The Evil Within
22330,The Elder Scrolls IV: Oblivion Game of the Year Edition
8980,Borderlands Game of the Year
1184370,Pathfinder: Wrath of the Righteous - Enhanced Edition
319830,AX:EL - Air XenoDawn
750920,Shadow of the Tomb Raider: Definitive Edition
977950,A Dance of Fire and Ice
555160,Pavlov
606280,Darksiders III
488790,South Park: The Fractured But Whole
289130,ENDLESS Legend
1262580,Need for Speed Payback
13520,Far Cry
1404210,Red Dead Online
274940,Depth
1151640,Horizon Zero Dawn Complete Edition
1627140,Sabre Team
1536610,OpenTTD
332950,Dark Deception
949230,Cities: Skylines II
439190,Stories: The Path of Destinies
442080,Riders of Icarus
113420,Fallen Earth Free2Play
6860,Hitman: Blood Money
1237950,STAR WARS Battlefront II
291650,Pillars of Eternity
1030830,Mafia II: Definitive Edition
302510,Ryse: Son of Rome
308600,Gene Shift Auto
311560,Assassin’s Creed Rogue
612880,Wolfenstein II: The New Colossus
327690,Gigantic
706990,BLOCKPOST
239820,Game Dev Tycoon
24740,Burnout Paradise: The Ultimate Box
228280,Baldur's Gate: Enhanced Edition
627690,Idle Champions of the Forgotten Realms
364360,Total War: WARHAMMER
298240,War Trigger 3
228380,Wreckfest
569480,Kingdoms and Castles
476600,Call of Duty: WWII
239160,Thief
417860,Emily is Away
585690,Minimalism
638970,Yakuza 0
17330,Crysis Warhead
2280,DOOM (1993)
248820,Risk of Rain (2013)
621060,PC Building Simulator
493520,GTFO
214420,Gear Up
24980,Mass Effect 2 (2010 Edition)
635260,CarX Drift Racing Online
102600,Orcs Must Die!
1466640,Road 96 
224540,Ace of Spades: Battle Builder
9340,Company of Heroes: Opposing Fronts
47810,Dragon Age: Origins - Ultimate Edition
280790,Creativerse
1509960,PICO PARK
1213210,Command & Conquer Remastered Collection
638070,Murderous Pursuits
67370,The Darkness II
447820,Day of Infamy
683320,GRIS
602960,Barotrauma
242860,Verdun
924970,Back 4 Blood
636480,Ravenfield
492720,Tropico 6
304240,Resident Evil
22320,The Elder Scrolls III: Morrowind Game of the Year Edition
6000,STAR WARS Republic Commando
298110,Far Cry 4
287450,Rise of Nations: Extended Edition
582500,We Were Here
392110,ENDLESS Space 2
322500,SUPERHOT
1377580,Soulworker
312520,Rain World
1659040,HITMAN World of Assassination
392160,X4: Foundations
438040,Shakes and Fidget
1313860,EA SPORTS FIFA 21
1284410,GWENT: The Witcher Card Game
364470,The Elder Scrolls: Legends
1049410,Superliminal
9010,Return to Castle Wolfenstein
34030,Total War: NAPOLEON – Definitive Edition
460790,Bayonetta
1058020,"STAR WARS Battlefront (Classic, 2004)"
40100,Supreme Commander 2
214560,Mark of the Ninja
4920,Natural Selection 2
2479810,Gray Zone Warfare
637090,BATTLETECH
232890,Stronghold Crusader 2
437920,Tricky Towers
324800,Shadow Warrior 2
65980,Sid Meier's Civilization: Beyond Earth
1557740,ROUNDS
233720,Surgeon Simulator
48190,Assassin’s Creed Brotherhood
225080,Brothers - A Tale of Two Sons
1366800,Crosshair X
2567870,Chained Together
1549970,Aliens: Fireteam Elite
235600,Tom Clancy’s Splinter Cell Blacklist
15100,Assassin's Creed: Director's Cut Edition
629730,Blade and Sorcery
47790,Medal of Honor
285190,"Warhammer 40,000: Dawn of War III"
2100,Dark Messiah of Might & Magic
1286680,Tiny Tina's Wonderlands
237930,Transistor
304670,Aeon Command
834910,ATLAS
237310,Elsword
41500,Torchlight
20570,"Warhammer 40,000: Dawn of War II Chaos Rising"
527430,"Warhammer 40,000: Inquisitor - Martyr"
774861,Project Winter
311860,Data Hacker: Initiation
251060,Wargame: Red Dragon
218680,Scribblenauts Unlimited
207230,ArcheBlade
265210,Viscera Cleanup Detail: Santa's Rampage
1533390,Gorilla Tag
341800,Keep Talking and Nobody Explodes
1282100,REMNANT II
459820,Crush Crush
511470,Glass Masquerade
780310,The Riftbreaker
215080,WAKFU
24010,Train Simulator Classic 2024
4700,Total War: MEDIEVAL II – Definitive Edition
471710,Rec Room
6880,Just Cause
332070,School of Dragons
17460,Mass Effect (2007)
65790,ARMA: Cold War Assault
2379780,Balatro
224760,FEZ
537180,Digimon Masters Online
1475810,Ghostwire: Tokyo
979690,The Ascent
942970,Unheard - Voices of Crime
1353950,Ring of Fire: Prologue
378540,The Surge
510840,Evolvation
544750,SOULCALIBUR VI
323470,DRAGON BALL XENOVERSE
19900,Far Cry 2
39500,Gothic 3
535930,Two Point Hospital
1238820,Battlefield 3
2322560,Love Is All Around
235540,Warhammer: End Times - Vermintide
568220,Lobotomy Corporation | Monster Management Simulation
10680,Aliens vs. Predator
373420,Divinity: Original Sin - Enhanced Edition
334230,Town of Salem
870780,Control Ultimate Edition
851850,DRAGON BALL Z: KAKAROT
427270,Orcs Must Die! Unchained
474960,Quantum Break
270150,RUNNING WITH RIFLES
2231450,Pizza Tower
1238860,Battlefield 4
32800,Lord of the Rings: War in the North
3910,Sid Meier's Civilization III Complete
4500,S.T.A.L.K.E.R.: Shadow of Chernobyl
102500,Kingdoms of Amalur: Reckoning
346330,BrainBread 2
56437,"Warhammer 40,000: Dawn of War II: Retribution"
1089090,ONE PIECE: PIRATE WARRIORS 4
263500,Dragons and Titans
292910,Deponia: The Complete Journey
752590,A Plague Tale: Innocence
1343370,Old School RuneScape
1380400,Saving Grace
583950,Artifact
723780,Modern Combat Versus
418240,Shadow Tactics: Blades of the Shogun
243470,Watch_Dogs
692850,Bloodstained: Ritual of the Night
1562430,DREDGE
544730,Catan Universe
1178830,Bright Memory: Infinite
240320,Panzar
657200,Hand Simulator
350640,Sherlock Holmes: The Devil's Daughter
1290000,PowerWash Simulator
1483870,Draw & Guess
228200,Company of Heroes
311340,METAL GEAR SOLID V: GROUND ZEROES
39140,FINAL FANTASY VII
32430,STAR WARS - The Force Unleashed Ultimate Sith Edition
1089980,The Henry Stickmin Collection
1384160,GUILTY GEAR -STRIVE-
32470,STAR WARS Empire at War - Gold Pack
220440,DmC: Devil May Cry
298630,The Escapists
622650,Bendy and the Ink Machine
209670,Cortex Command
6020,STAR WARS Jedi Knight - Jedi Academy
15700,Oddworld: Abe's Oddysee
1061910,Metal: Hellsinger
1258080,Shop Titans
292730,Call of Duty: Infinite Warfare
704850,Thief Simulator
601430,The Evil Within 2
933110,Age of Empires III: Definitive Edition
1282730,Loop Hero
674020,World War 3
297000,Heroes of Might & Magic III - HD Edition
418070,Turbo Pug
666220,CS2D
245620,Tropico 5
509980,BIGFOOT
1687950,Persona 5 Royal
17300,Crysis
232050,Eador. Masters of the Broken World
1262350,SIGNALIS
261110,Killer is Dead - Nightmare Edition
4760,Rome: Total War - Collection
6850,Hitman 2: Silent Assassin
774361,Blasphemous
736220,Squad 44
675010,MudRunner
302670,Call to Arms
444640,Bloons TD Battles
1150690,OMORI
445980,Wizard of Legend
921630,音灵 INVAXION
1238000,Mass Effect: Andromeda Deluxe Edition
599140,Graveyard Keeper
34870,Sniper: Ghost Warrior 2
1755910,Capcom Arcade 2nd Stadium
955050,Bright Memory
253900,Knights and Merchants
209160,Call of Duty: Ghosts
108800,Crysis 2 - Maximum Edition
301640,Zombie Army Trilogy
242700,Injustice: Gods Among Us Ultimate Edition
55110,Red Faction: Armageddon
41000,Serious Sam HD: The First Encounter
6910,Deus Ex: Game of the Year Edition
237110,Mortal Kombat Komplete Edition
515690,Warriors of Vilvatikta
753640,Outer Wilds
231060,Ragnarok Online 2
1611910,"Warhammer 40,000: Chaos Gate - Daemonhunters"
257350,Baldur's Gate II: Enhanced Edition
250400,How to Survive
410320,EARTH DEFENSE FORCE 4.1 The Shadow of New Despair
239350,Spelunky
209080,Guns of Icarus Online
805550,Assetto Corsa Competizione
447020,Farming Simulator 17
323850,Move or Die
26800,Braid
939960,Far Cry New Dawn
690790,DiRT Rally 2.0
239200,Amnesia: A Machine for Pigs
257510,The Talos Principle
462780,Darksiders Warmastered Edition
529340,Victoria 3
460920,Steep
1241100,POLYGON: Multiplayer Shooter
360970,Heaven Forest NIGHTS
22350,BRINK
1016920,Unrailed!
1113000,Persona 4 Golden
1476970,Legends of IdleOn - Idle MMO
673130,AMID EVIL
603850,Age of History II
673950,Farm Together
223850,3DMark
637650,FINAL FANTASY XV WINDOWS EDITION
278080,DYNASTY WARRIORS 8: Xtreme Legends Complete Edition
843380,Super Animal Royale
475550,Beholder
337320,Paint the Town Red
7760,X-COM: UFO Defense
1094520,Sands of Salzaar
24780,SimCity 4 Deluxe Edition
230290,Universe Sandbox
961200,Predecessor
17480,Command & Conquer: Red Alert 3
246900,Viscera Cleanup Detail
1676130,Deadlink
70000,Dino D-Day
299460,Woodle Tree Adventures
921060,Modern Combat 5
293540,Guns and Robots
837470,Untitled Goose Game
450390,The Lab
374040,Portal Knights
230230,Divinity: Original Sin (Classic)
38420,Fallout Tactics: Brotherhood of Steel
747660,Five Nights at Freddy's: Security Breach
383080,Sakura Clicker
71340,Sonic Generations Collection
448470,Bacteria
6900,Hitman: Codename 47
678960,CODE VEIN
1987080,Inside the Backrooms
242640,Styx: Master of Shadows
107100,Bastion
261030,The Walking Dead: Season Two
212740,TERA - Action MMORPG
552100,Brick Rigs
899440,GOD EATER 3
446800,Transport Fever
234630,Project CARS
491950,Orwell: Keeping an Eye On You
1147550,Not For Broadcast
249130,LEGO Marvel Super Heroes
457330,High Octane Drift
12810,Overlord II
339280,Strife
823500,BONEWORKS
265550,Dead Rising 3 Apocalypse Edition
2400,The Ship: Murder Party
40950,Stronghold HD (2012)
202750,Alan Wake's American Nightmare
512900,Streets of Rogue
40970,Stronghold Crusader HD
313120,Stranded Deep
1388770,Cruelty Squad
681660,Bless Online
356670,Spooky's Jump Scare Mansion
809960,Radical Heights
8230,Sam & Max 104: Abe Lincoln Must Die!
3900,Sid Meier's Civilization IV
920210,LEGO Star Wars: The Skywalker Saga
640590,The LEGO NINJAGO Movie Video Game
21100,F.E.A.R. 3
31280,Poker Night at the Inventory
1129580,Medieval Dynasty
476480,Heaven Forest - VR MMO
1335200,Action Taimanin
450540,"Hot Dogs, Horseshoes & Hand Grenades"
429470,Space Pilgrim Episode I: Alpha Centauri
226700,Infestation: Survivor Stories 2020
560130,Pillars of Eternity II: Deadfire
113020,Monaco: What's Yours Is Mine
311240,Zero Escape: Zero Time Dilemma
304030,ArcheAge
334210,Fortified
613010,Secret in Story
1057240,Crucible Beta
21120,F.E.A.R.
21110,F.E.A.R.
490220,Prismata
12900,AudioSurf
431730,Aseprite
9450,"Warhammer 40,000: Dawn of War - Soulstorm"
217200,Worms Armageddon
200170,Worms Revolution
969990,SpongeBob SquarePants: Battle for Bikini Bottom - Rehydrated
377300,Thunder Tier One
1259970,eFootball PES 2021 SEASON UPDATE
20510,S.T.A.L.K.E.R.: Clear Sky
1301720,Escape Room - Der kranke Kollege
578310,BRAIN / OUT
368370,Her Story
1919590,NBA 2K23
4580,"Warhammer 40,000: Dawn of War - Dark Crusade"
813630,Supraland
1307550,Craftopia
668630,Tricolour Lovestory
360430,Mafia III: Definitive Edition
233270,Far Cry 3 - Blood Dragon
1211020,Wobbly Life
1296830,暖雪 Warm Snow
668580,Atomic Heart
977400,Cell to Singularity - Evolution Never Ends
38410,Fallout 2: A Post Nuclear Role Playing Game
1929610,Demonologist
378860,Project CARS 2
361280,Turmoil
9420,Supreme Commander: Forged Alliance
423230,Furi
210970,The Witness
208580,STAR WARS Knights of the Old Republic II - The Sith Lords
1190000,Car Mechanic Simulator 2021
437220,The Culling
382490,Relic Hunters Zero: Remix
1207590,Builders of Egypt: Prologue
39000,Moonbase Alpha
250320,The Wolf Among Us
584400,Sonic Mania
1266680,Strobophagia | Rave Horror
34270,SEGA Mega Drive and Genesis Classics
367450,Poly Bridge
249050,Dungeon of the ENDLESS
274520,Darkwood
13210,Unreal Tournament 3 Black
257420,Serious Sam 4
667530,Drunken Wrestlers 2
9200,RAGE
333420,Cossacks 3
250820,SteamVR
1301210,Knockout City
383980,Rivals of Aether
247120,Portal 2 Sixense Perceptual Pack
557340,My Friend Pedro
258970,Gauntlet Slayer Edition
2096600,Crysis 2 Remastered
2399830,ARK: Survival Ascended
794260,Outward Definitive Edition
1328670,Mass Effect Legendary Edition
614570,Dishonored: Death of the Outsider
1292630,3on3 FreeStyle: Rebound
481510,Night in the Woods
214510,LEGO The Lord of the Rings
1029550,Torque Drift
536930,MOBIUS FINAL FANTASY
57900,Duke Nukem Forever
2320,Quake II
2835570,Buckshot Roulette
794600,LET IT DIE
1262600,Need for Speed Rivals
243970,"Invisible, Inc."
304650,SUNLESS SEA
996470,eFootball  PES 2020
996580,Spyro Reignited Trilogy
715210,The Pillage
201870,Assassin's Creed Revelations
290340,Armello
573090,Stormworks: Build and Rescue
816020,JUMP FORCE
1088150,Scribble It!
394310,Punch Club
429660,Tales of Berseria
9880,Champions Online
244930,SNOW - The Ultimate Edition
1672970,Minecraft Dungeons
42960,Victoria II
22000,World of Goo
1041720,Kingdoms of Amalur: Re-Reckoning
1173690,Resident Evil 3: Raccoon City Demo
505460,Foxhole
339600,VEGA Conflict
625960,Stoneshard
288470,Fable Anniversary
1599600,PlateUp!
972660,Spiritfarer: Farewell Edition
747610,ZULA LatinoAmerica
16900,GROUND BRANCH
107310,Cthulhu Saves the World
21090,F.E.A.R.
289650,Assassin's Creed Unity
6920,Deus Ex: Invisible War
699130,World War Z
1291340,Townscaper
1022450,War Selection
1017180,The Long Drive
232010,Euro Truck Simulator
282800,100% Orange Juice
236690,Blood Bowl 2
235340,Prime World
400040,ShareX
20500,Red Faction Guerrilla Steam Edition
115320,Prototype 2
690640,Trine 4: The Nightmare Prince
611670,The Elder Scrolls V: Skyrim VR
1789480,Marauders
553640,ICEY
487220,Freebie
362960,Tyranny
329050,Devil May Cry 4 Special Edition
1418100,Swords of Legends Online
731490,Crash Bandicoot N. Sane Trilogy
47410,Stronghold Kingdoms
517630,Just Cause 4 Reloaded
1435790,Escape Simulator
859570,Secret Neighbor: Hello Neighbor Multiplayer
40700,Machinarium
205230,Hell Yeah! Wrath of the Dead Rabbit
2338770,NBA 2K24
208480,Assassin’s Creed III
1621690,Core Keeper
715220,Ironsight
1147560,Skul: The Hero Slayer
48720,Mount & Blade: With Fire & Sword
32440,LEGO Star Wars - The Complete Saga
300380,Road Redemption
1201240,BLEACH Brave Souls
238430,Contagion
775500,SCARLET NEXUS
23490,Tropico 3
903950,Last Oasis
1161580,Hardspace: Shipbreaker
997010,Police Simulator: Patrol Officers
377840,FINAL FANTASY IX
879160,Battlerite Royale
1268750,Starship Troopers: Extermination
1184140,KartRider: Drift
1252330,DEATHLOOP
214340,Deponia
326460,ShellShock Live
626690,Sword Art Online: Fatal Bullet
397950,Clustertruck
745740,Reflex
17430,Need for Speed Undercover
282660,Easy eSports
380840,Teeworlds
1930,Two Worlds Epic Edition
17570,"Pirates, Vikings, and Knights II"
293260,Card Hunter
233290,Murdered: Soul Suspect
1527950,Wartales
268870,Satellite Reign
335330,Brick-Force
1264670,The Wind Road
826630,Iron Harvest
368070,Sniper Ghost Warrior 3
1096530,Solasta: Crown of the Magister
226860,Galactic Civilizations III
236090,Dust: An Elysian Tail
339340,Resident Evil 0
1515210,The Past Within
418530,Spelunky 2
710920,Darksiders Genesis
285160,LEGO The Hobbit
400250,Heaven Island - VR MMO
1455840,Dorfromantik
803330,Destroy All Humans!
666140,My Time at Portia
950670,Gothic Playable Teaser
92800,SpaceChem
858810,Dawn of Man
577800,NBA 2K18
595520,FINAL FANTASY XII THE ZODIAC AGE
610080,Realm Grinder
1418630,Dread Hunger
446150,GUNS UP!
1062090,Timberborn
1888930,The Last of Us Part I
1284190,The Planet Crafter
1605220,Dune: Spice Wars
469600,Legion TD 2 - Multiplayer Tower Defense
648120,Pixel Sketch
293180,Overcast - Walden and the Werewolf
371660,Far Cry Primal
410900,Forts
1134570,F1 2021
736190,Chinese Parents
12140,Max Payne
530620,Resident Evil 7 Teaser: Beginning Hour
383120,Empyrion - Galactic Survival
22300,Fallout 3
221640,Super Hexagon
206480,Dungeons & Dragons Online
357900,Make it indie!
1448440,Wo Long: Fallen Dynasty
1325200,Nioh 2 – The Complete Edition
205950,Jet Set Radio
860510,Little Nightmares II
269950,X-Plane 11
728540,Islands of Nyne: Battle Royale
34830,Sniper: Ghost Warrior
339800,HuniePop
1810580,Nobody - The Turnaround
1657630,Slime Rancher 2
375910,Anno 2205
226840,Age of Wonders III
246420,Kingdom Rush  - Tower Defense
1124300,HUMANKIND
627270,Injustice 2
234710,Poker Night 2
301750,RADical ROACH Remastered
285920,TerraTech
292120,FINAL FANTASY XIII
1244800,Terraformers
1372640,Candle In Darkness
405310,LEGO MARVEL's Avengers
219890,Antichamber
541570,Sally Face - Episode One
447530,VA-11 Hall-A: Cyberpunk Bartender Action
1253920,Rogue Legacy 2
376570,WildStar
489940,BATTALION 1944
1544020,The Callisto Protocol
496300,Kingdom: New Lands
975370,Dwarf Fortress
544920,Darwin Project
872410,ROMANCE OF THE THREE KINGDOMS XIV
236430,DARK SOULS II
466910,Worm.is: The Game
32500,STAR WARS: The Force Unleashed II
1244460,Jurassic World Evolution 2
1080110,F1 2020
24790,Command & Conquer 3: Tiberium Wars
1209040,Cyber Hunter
994280,Gujian3(古剑奇谭三)
1036700,My Beautiful Paper Smile
567640,Danganronpa V3: Killing Harmony
1214670,Mr. Sun's Hatbox
867210,Songs of Conquest
215100,Ragnarok Online
589870,Learn to Fly 3
213610,Sonic Adventure 2
244160,Homeworld Remastered Collection
611790,House Party
448510,Overcooked
1473480,A.V.A
1966900,20 Minutes Till Dawn
221680,Rocksmith 2014 Edition - Remastered
298610,Ylands
707010,Will To Live Online
911400,Assassin's Creed III Remastered
835860,Dreadnought
682990,Drug Dealer Simulator
2390840,Zombie Defense: The Last Frontier
1468260,Leaf Blower Revolution - Idle Game
208200,DOOM 3
1262540,Need for Speed
790710,World of Warplanes
607260,McOsu
729040,Borderlands Game of the Year Enhanced
21130,LEGO Harry Potter: Years 1-4
558100,Art of War: Red Tides
1359090,Zero Hour
689580,TurnSignal
882100,XCOM: Chimera Squad
383150,Dead Island Definitive Edition
1106840,Hydroneer
939400,LoveChoice
1222730,STAR WARS: Squadrons
13140,America's Army 3
571740,Golf It!
351470,Sometimes: Success Requires Sacrifice
479130,ESEA
1337520,Risk of Rain Returns
403190,Planetbase
553420,TUNIC
931690,Himno
383180,Dead Island: Riptide Definitive Edition
347560,Terra Incognita Chapter One: The Descendant
331360,Heavy Metal Machines
253960,Jack Orlando: Director's Cut
1104450,Bombergrounds: Battle Royale
513780,Turbo Pug DX
997070,Marvel's Avengers - The Definitive Edition
1850570,DEATH STRANDING DIRECTOR'S CUT
751780,Forager
1226470,Shadow Arena
1030210,Torchlight III
1451940,NEEDY STREAMER OVERLOAD
597170,Clone Drone in the Danger Zone
678800,SAS: Zombie Assault 4
434570,Blood and Bacon
711810,Never Split the Party
259680,Tales of Maj'Eyal
2344520,Diablo IV
1118310,RetroArch
250180,METAL SLUG 3
915320,Pixel Strike 3D
333600,NEKOPARA Vol. 1
443110,Armored Warfare
1206560,WorldBox - God Simulator
280160,Aragami
413410,Danganronpa: Trigger Happy Havoc
1325860,VTube Studio
9350,Supreme Commander
559650,Witch It
1364960,Hello Neighbor 2 Alpha 1.5
394230,Battleborn
1189490,觅长生
22600,Worms Reloaded
1686940,Bopl Battle
420530,OneShot
1846380,Need for Speed Unbound
686200,Door Kickers: Action Squad
753650,Due Process
399810,Call of Cthulhu
375480,Chronicon
404410,Endless Sky
575110,Magic Lantern
215530,The Incredible Adventures of Van Helsing
209650,Call of Duty: Advanced Warfare - Gold Edition
352400,LEGO Jurassic World
312670,Strange Brigade
531510,Just Shapes & Beats
690040,SUPERHOT: MIND CONTROL DELETE
1262560,Need for Speed Most Wanted
449960,Book of Demons
384190,ABZU
1025580,Vainglory
1262240,Plants vs. Zombies: Battle for Neighborville
252530,OMSI 2: Steam Edition
10150,Prototype
17450,Dragon Age: Origins
365360,Battle Brothers
412880,Drift Streets Japan
46500,Syberia
522210,Serial Cleaner
253230,A Hat in Time
393420,Hurtworld
636040,Pixel Worlds: MMO Sandbox
493900,Dungeons 3
323910,SteamVR Performance Test
212800,Super Crate Box
240760,Wasteland 2: Director's Cut
224480,Octodad: Dadliest Catch
2108330,F1 23
327030,Worms W.M.D
536220,The Walking Dead: A New Frontier
1718570,ASTLIBRA Revision
960170,DJMAX RESPECT V
332800,Five Nights at Freddy's 2
616560,Ultimate Epic Battle Simulator
1164850,Sinking Simulator
319910,Trine 3: The Artifacts of Power
1328660,Need for Speed Hot Pursuit Remastered
330840,Game of Thrones - A Telltale Games Series
307960,IL-2 Sturmovik: Battle of Stalingrad
247000,Talisman: Digital Edition
274900,Murder Miners
65540,Gothic 1
257850,Hyper Light Drifter
6030,STAR WARS Jedi Knight II - Jedi Outcast
787480,Phoenix Wright: Ace Attorney Trilogy
410110,12 is Better Than 6
1097840,Gears 5
704450,Neverwinter Nights: Enhanced Edition
400750,Call to Arms - Gates of Hell: Ostfront
562810,MONOPOLY PLUS
1162520,Richman10
953490,CARRION
1669980,Volcano Princess
3990,Civilization IV: Warlords
337340,Finding Paradise
414530,Skyforge
641320,Cooking Simulator
40390,Risen 2: Dark Waters
427290,Vampyr
590380,Into the Breach
2700,RollerCoaster Tycoon 3: Platinum
1203630,Record of Lodoss War-Deedlit in Wonder Labyrinth-
301910,Saints Row: Gat out of Hell
215280,Secret World Legends
359870,FINAL FANTASY X/X-2 HD Remaster
859580,Imperator: Rome
222480,Resident Evil Revelations
865610,Tails Noir
13230,Unreal Tournament 2004: Editor's Choice Edition
2990,FlatOut 2
1007040,EARTH DEFENSE FORCE 5
973760,Thronebreaker: The Witcher Tales
285310,RollerCoaster Tycoon: Deluxe
386070,Planetary Annihilation: TITANS
575090,Flame of Memory
1490890,Demon Slayer -Kimetsu no Yaiba- The Hinokami Chronicles
960990,Beyond: Two Souls
970830,The Dungeon Of Naheulbeuk: The Amulet Of Chaos
1066780,Transport Fever 2
1116960,UNDEFEATED
736260,Baba Is You
1210320,Potion Craft: Alchemist Simulator
350080,Wolfenstein: The Old Blood
343270,Disillusions Manga Horror
585420,Trailmakers
895400,Deadside
411300,ELEX
704270,Generation Zero
2296990,We Were Here Expeditions: The FriendShip
298260,Only If
985890,Streets of Rage 4
201230,EverQuest II
677120,Heroes of Hammerwatch
1049800,BLOCKADE
396750,EVERSPACE
2321470,Deep Rock Galactic: Survivor
724970,神舞幻想 Faith of Danschant
23310,The Last Remnant
238260,Pinball Arcade
1178490,港詭實錄ParanormalHK
203750,Binary Domain
1949190,Necrosmith
341940,Hatred
28000,Kane & Lynch 2: Dog Days
391070,Stellar 2D
234330,MARVEL Puzzle Quest
422100,Heaven Island Life
70600,Worms Ultimate Mayhem
2218750,Halls of Torment
690830,Foundation
1674470,ELYON
1238040,Dragon Age II: Ultimate Edition
1120810,Eastern Exorcist
264200,One Finger Death Punch
375230,"Warhammer 40,000: Eternal Crusade"
2208920,Assassin's Creed Valhalla
718670,Cultist Simulator
254060,KnightShift
320240,We Happy Few
412220,DDraceNetwork
1012880,60 Seconds! Reatomized
346940,Shadowrun: Hong Kong - Extended Edition
228300,Remember Me
241540,State of Decay
368360,60 Seconds!
1361000,In Silence
12830,Operation Flashpoint: Dragon Rising
1543030,Sword and Fairy 7
696370,BROKE PROTOCOL: Online City RPG
1397920,Mr.Mine
238210,System Shock 2
1451190,Undisputed
1097430,Book of Yog Idle RPG
875210,Kingdom Heroes 8
409160,"Dr. Langeskov, The Tiger, and The Terribly Cursed Emerald: A Whirlwind Heist"
1088710,Yakuza 3 Remastered
45760,Ultra Street Fighter IV
91330,Iron Front: Digital War Edition
39190,Dungeon Siege
916440,Anno 1800
2300,DOOM II
362680,Fran Bow
390670,Steel Ocean
206190,Gunpoint
311310,Naval Action
253030,Race The Sun
512470,The Pirate: Caribbean Hunt
1922560,Plants vs. Zombies Garden Warfare 2: Deluxe Edition
359050,Shower With Your Dad Simulator 2015: Do You Still Shower With Your Dad
955900,Amazing Cultivation Simulator
1084600,My Time at Sandrock
294860,Valkyria Chronicles
1127400,Mindustry
535760,Unforgiving Trials: The Space Crusade
690510,Immortal Soul: Black Survival
207170,Legend of Grimrock
589360,Ni no Kuni II: Revenant Kingdom
1462040,FINAL FANTASY VII REMAKE INTERGRADE
438180,Super Mustache
1465360,SnowRunner
501300,What Remains of Edith Finch
247430,Hitman: Contracts
205710,EverQuest
400630,Wuppo: Definitive Edition
1436930,Temple of Apshai Trilogy
1703340,The Stanley Parable: Ultra Deluxe
321360,Primal Carnage: Extinction
32380,STAR WARS Jedi Knight: Dark Forces II
1285670,Post Void
485490,Dungeon Journey
331600,One Piece Pirate Warriors 3
760510,Cat Burglar: A Tail of Purrsuit
493490,City Car Driving
39510,Gothic II: Gold Edition
993090,Lossless Scaling
545110,Driver Booster 4 for Steam
359800,Copa Petrobras de Marcas
1065310,Evil West
375950,Viridi
468920,Ultimate Fishing Simulator
374280,Hired Ops
1302240,Labyrinthine
1222690,Dragon Age Inquisition
760060,Mutant Year Zero: Road to Eden
485610,Soccer Online: Ball 3D
2212330,Your Only Move Is HUSTLE
1108320,妄想破绽 Broken Delusion
650700,Yume Nikki
317470,Cubic Castles
2427700,Backpack Battles
348250,Google Earth VR
814540,Changed
48240,Anno 2070
667890,Dead Maze
1119730,"Ranch Simulator: Build, Hunt, Farm"
1115690,"Yes, Your Grace"
257730,Infinity Wars: Animated Trading Card Game
567630,Blood of Steel
838380,DEAD OR ALIVE 6
342180,Arizona Sunshine
716350,Reign of Guilds
249230,Risen 3 - Titan Lords
861650,Session: Skate Sim
305050,Outland
215830,Closers
1233570,Mirror's Edge Catalyst
20530,Red Faction
1817190,Marvel’s Spider-Man: Miles Morales
1692250,F1 22
393080,Call of Duty: Modern Warfare Remastered (2017)
655500,MX Bikes
638230,Journey
24720,SPORE Galactic Adventures
22100,Mount & Blade
519190,Next Day: Survival
297130,Titan Souls
891040,Pool 2D - Poolians
212200,Mabinogi
7510,X-Blades
1549180,Propnight
1147690,NGU IDLE
866800,The Walking Dead: The Final Season
462930,AdVenture Communist
212480,Sonic & All-Stars Racing Transformed Collection
211160,Viking: Battle for Asgard
1338770,Sniper Ghost Warrior Contracts 2
324810,TOXIKK
1432860,Sun Haven
1127500,Mini Motorways
48220,Might & Magic: Heroes VI
217750,Age of Conan: Unchained
16810,Sid Meier's Civilization IV: Colonization
274920,FaceRig
1288310,Firework
2239150,Thronefall
439350,Kritika:REBOOT
839200,SpedV
107300,Breath of Death VII
428550,Momodora: Reverie Under The Moonlight
617830,SUPERHOT VR
1369630,ENDER LILIES: Quietus of the Knights
268850,EVGA Precision X1
1970580,Backpack Hero
7520,Two Worlds II HD
489630,"Warhammer 40,000: Gladius - Relics of War"
698670,Scorn
214170,Divine Divinity
394690,Tower Unite
17500,Zombie Panic! Source
385800,NEKOPARA Vol. 0
1898300,ASKA
20540,Company of Heroes: Tales of Valor
237990,The Banner Saga
673610,Airport CEO
1843760,Rogue Tower
99300,Renegade Ops
564710,Soda Dungeon
1105670,The Last Spell
263540,Villagers and Heroes
508290,$1 Ride
746850,Cloudpunk
488860,MADNESS: Project Nexus
391730,Crashlands
620590,Ancestors Legacy
1627720,Lies of P
299740,Miscreated
215930,Jagged Alliance 2 - Wildfire
743450,Monster Prom
58610,Wargame: European Escalation
1850740,Ghost Watchers
225420,Cities in Motion 2
388090,Five Nights at Freddy's 4
293780,Crawl
384300,CPUCores :: Maximize Your FPS
1017900,Age of Empires: Definitive Edition
332570,Amazing Frog?
792220,Paunch
529180,Dark and Light
211400,Deadlight
485310,Head Shot
1041320,Lords Mobile
834530,Yakuza Kiwami
960910,Heavy Rain
204030,Fable - The Lost Chapters
300080,Total War Battles: KINGDOM
212070,Star Conflict
847370,Sunset Overdrive
1256670,Library Of Ruina
287980,Mini Metro
895870,Project Wingman
578650,The Outer Worlds
300550,Shadowrun: Dragonfall - Director's Cut
247020,"Cook, Serve, Delicious!"
1241110,ANARCHY
511800,ONRAID
999220,Amnesia: Rebirth
295550,Royal Quest
40300,Risen
1213740,She Will Punish Them
255520,Viscera Cleanup Detail: Shadow Warrior
288160,The Room
239070,Hammerwatch
218640,Lucius
1267910,Melvor Idle
25000,Overgrowth
438020,AI: Rampage
798420,Professional Fishing
546050,Puyo PuyoTetris
8000,Tomb Raider: Anniversary
921590,DISSIDIA FINAL FANTASY NT Free Edition
529920,Resurgence
385770,Time Clickers
421020,DiRT 4
329000,Data Hacker: Corruption
4570,"Warhammer 40,000: Dawn of War - Game of the Year Edition"
1336490,Against the Storm
644830,The Surge 2
1778820,TEKKEN 8
905640,Combat Arms: Reloaded
1388880,Doki Doki Literature Club Plus!
12180,Grand Theft Auto 2
625340,XERA: Survival
46510,Syberia II
738520,Breathedge
1782120,ZERO Sievert
531640,Eternal Card Game
356310,METAL SLUG DEFENSE
1985810,Call of Duty: Black Ops Cold War
763890,Wildermyth
31270,Puzzle Agent
732690,FIVE NIGHTS AT FREDDY'S: HELP WANTED
222730,Reus
457550,Bigscreen Beta
1444740,Maniac Path
654990,Dude Simulator
223100,Homefront: The Revolution
266430,Anarchy Arcade
266510,Hand of Fate
234670,NARUTO SHIPPUDEN: Ultimate Ninja STORM 3 Full Burst HD
289950,Construction Simulator 2015
795100,Friday the 13th: Killer Puzzle
404730,Wasteland 2: Director's Cut
503820,A Detective's Novel
215790,Dream Pinball 3D
551170,Onmyoji
1715130,Crysis Remastered
1133060,Anarchy: Wolf's law
1200,Red Orchestra: Ostfront 41-45
17080,Tribes: Ascend
515180,Bus Simulator 18
1948280,Stacklands
1283970,YoloMouse - Game Cursor Changer
359840,Shift Happens
91200,Anomaly: Warzone Earth
946050,Soda Dungeon 2
1003590,Tetris Effect: Connected
2000950,Call of Duty: Modern Warfare
1104640,New Frontier
402570,Atlas Reactor
252150,Grimm
1283220,Devolverland Expo
1013320,Firestone Idle RPG
732370,Juicy Realm
224920,Legacy of Kain: Soul Reaver
544330,Snake Pass
17740,Empires Mod
1040230,Curious Expedition 2
351640,Eternal Senia
591740,Sniper Fury
1954200,Kena: Bridge of Spirits
268750,Magicite
609320,FAR: Lone Sails
332310,LEGO Worlds
248390,Craft The World
45740,Dead Rising 2
1282690,Crysis 3
493540,Figment
2161700,Persona 3 Reload
1475380,TheDawn
250760,Shovel Knight: Treasure Trove
217920,Alien Rage - Unlimited
64000,Men of War: Assault Squad
537800,Bomber Crew
418340,RWBY: Grimm Eclipse
451340,Gold Mining Simulator
1644960,NBA 2K22
321960,Might & Magic Heroes VII
557180,League of Maidens
330830,Tales from the Borderlands
1088850,Marvel's Guardians of the Galaxy
1062520,Dinkum
463710,Puzzle Galaxies
1088090,Day of Dragons
453820,Hero Quest: Tower Conflict
39200,Dungeon Siege II
679900,Swords & Souls: Neverseen
806140,Achievements printer
1026680,FINAL FANTASY VIII - REMASTERED
16450,F.E.A.R. 2: Project Origin
255220,GRID Autosport
204060,Superbrothers: Sword & Sworcery EP
603360,CryptoMoneya
1061090,Jump King
1241510,The Test
574820,Cat or Bread?
572890,Pikuniku
506610,Five Nights at Freddy's: Sister Location
371970,Barony
597820,BIOMUTANT
2058180,Judgment
570770,古剑奇谭二(GuJian2)
1207650,Suzerain
916840,The Walking Dead: Saints & Sinners
973580,Sniper Ghost Warrior Contracts
1382330,Persona 5 Strikers
2290180,Riders Republic
6980,Thief: Deadly Shadows
345180,Victor Vran ARPG
312280,Simply Chess
605740,"Flashing Lights - Police, Firefighting, Emergency Services (EMS) Simulator"
2138710,Sifu
1189630,Path Of Wuxia
21000,LEGO Batman: The Videogame
2270,Wolfenstein 3D
424030,War of Rights
1512530,极限求生
667970,VTOL VR
97100,Section 8: Prejudice
442120,Pinball FX3
1333350,Angel Legion
991780,Notes of Soul
1015500,WWE 2K20
397340,SimplePlanes
954740,Terminator: Resistance
885970,Total War: ROME REMASTERED
528230,SYNTHETIK: Legion Rising
49600,Beat Hazard
1659420,UNCHARTED: Legacy of Thieves Collection
354140,Five Nights at Freddy's 3
1249800,Xuan-Yuan Sword VII
296470,Mount Your Friends
1275350,Ninja Kiwi Archive
305260,Battle Islands
360940,The Mean Greens - Plastic Warfare
72200,Universe Sandbox Legacy
249650,Blackguards
428690,Youtubers Life
1372280,MELTY BLOOD: TYPE LUMINA
12150,Max Payne 2: The Fall of Max Payne
1693980,Dead Space
606880,GreedFall
1016800,Chernobylite Complete Edition
360170,How to Survive 2
445220,Avorion
1009850,OVR Advanced Settings
343360,Particula
1102190,Monster Train
24800,Command & Conquer: Red Alert 3 - Uprising
33229,Tom Clancy's Splinter Cell Conviction
1817230,Hi-Fi RUSH
256290,Child of Light
1089130,Quake II RTX
1225570,Unravel Two
578330,LEGO City Undercover
223830,Xenonauts
360830,Yooka-Laylee
780290,Gloomhaven
464060,RUINER
311290,SpellForce 3 Reforced
694280,Zombie Army 4: Dead War
32360,The Secret of Monkey Island: Special Edition
700600,Evil Genius 2: World Domination
1128000,Cube World
653530,Return of the Obra Dinn
941460,Death Trash
774181,Rhythm Doctor
593280,Cat Quest
96100,Defy Gravity Extended
1584090,Touhou Mystia's Izakaya
1092660,Blair Witch
320300,Car Mechanic Simulator 2015
1971870,Mortal Kombat 1
200900,Cave Story+
232910,TrackMania² Stadium
2181930,DR LIVESEY ROM AND DEATH EDITION
285330,RollerCoaster Tycoon 2: Triple Thrill Pack
728530,SD GUNDAM G GENERATION CROSS RAYS
252850,Streamline
326960,Killing Floor - Toy Master
533540,MONMUSU
1026820,Coloring Game
1469280,SuchArt: Creative Space
2231380,Tom Clancy's Ghost Recon Breakpoint
1149460,ICARUS
468240,VR Regatta - The Sailing Game
1510,Uplink
372360,Tales of Symphonia
774241,Warhammer: Chaosbane
282100,Fearless Fantasy
673880,"Warhammer 40,000: Mechanicus"
212390,Continent of the Ninth Seal
398710,Timberman
1390350,Webbed
1341290,We Were Here Forever
405640,Pony Island
365300,Transmissions: Element 120
2066020,Soulstone Survivors
1592190,BONELAB
1522870,Supraland Six Inches Under
248610,Door Kickers
1458560,I'm on Observation Duty 3
503560,911 Operator
385760,NBA 2K17
94400,Nidhogg
719890,Beasts of Bermuda
245390,"I Have No Mouth, and I Must Scream"
1029780,Going Medieval
462770,Pyre
550470,NosTale - Anime MMORPG
611660,Fallout 4 VR
219830,King Arthur's Gold
368340,CrossCode
1121910,"I Love You, Colonel Sanders! A Finger Lickin’ Good Dating Simulator"
95400,ibb & obb
758190,Dragon Cliff
567680,The Pasture
897330,Coloring Pixels
2140510,Town of Salem 2
428430,Endorlight
231160,The Swapper
260230,Valiant Hearts: The Great War / Soldats Inconnus : Mémoires de la Grande Guerre
1195460,Last Year
363490,Escape Machines
413420,Danganronpa 2: Goodbye Despair
104200,BEEP
2532550,LIZARDS MUST DIE
1056600,Home Sweet Home : Survive
939850,The Dark Pictures Anthology: Man of Medan
1180660,Tell Me Why
2096610,Crysis 3 Remastered
254320,Duskers
666860,Bit Heroes
220780,Thomas Was Alone
471550,Nine Parchments
1113560,NieR Replicant ver.1.22474487139...
1656780,Hero's Hour
1471410,SYNTHETIK 2
631510,Devil May Cry HD Collection
539470,Police Stories
1142500,Fun with Ragdolls: The Game
372800,RPG MO
1521580,Perfect Heist 2
443810,This Is the Police
236150,Starpoint Gemini 2
351970,Tales of Zestiria
954850,Kerbal Space Program 2
874240,MU Legend
473690,Absolver
427190,DEAD RISING
2820,X3: Terran Conflict
1149620,Gas Station Simulator
320040,Moon Hunters
252410,SteamWorld Dig
375510,New kind of adventure
370240,NBA 2K16
13240,Unreal Tournament: Game of the Year Edition
501590,Bulletstorm: Full Clip Edition
302590,Of Guards And Thieves
526790,Monsti
3700,Sniper Elite
851100,Touhou Luna Nights
2600,Vampire: The Masquerade - Bloodlines
1139980,Travellers Rest
1064610,Neon Beats
362490,Exanima
745920,Temtem
412830,STEINS;GATE
669330,Mechabellum
562010,Tanki Online
364050,Face It - A game to fight inner demons
78000,Bejeweled 3
681280,Descenders
242550,Rayman Legends
298180,The Desolate Hope
784150,Workers & Resources: Soviet Republic
632350,Cyberdimension Neptunia: 4 Goddesses Online
242880,"Sir, You Are Being Hunted"
548570,RAGE 2
321400,Supraball
98200,Frozen Synapse
2440510,Forza Motorsport
227780,Serious Sam Classics: Revolution
268130,Heat Signature
39150,FINAL FANTASY VIII
936790,Life is Strange: True Colors
1401750,Mission Z
272510,NARUTO SHIPPUDEN: Ultimate Ninja STORM Revolution
18500,Defense Grid: The Awakening
341310,Greyfox RPG
528670,Elems
503940,Railway Empire
335670,LISA: The Painful
1526490,Fear Surrounds
819190,Undead Citadel
404790,Godot Engine
921570,OCTOPATH TRAVELER
629820,Maneater
31290,Back to the Future: The Game
429050,Feed and Grow: Fish
248860,NEO Scavenger
22490,Fallout: New Vegas
521890,Hello Neighbor
1238020,Mass Effect 3 N7 Digital Deluxe Edition (2012)
1282590,Train Sim World 2
287920,Mortal Online
1046030,ISLANDERS
2336220,Feed the Cups
1158160,Coral Island
276810,Mordheim: City of the Damned
202200,Galactic Civilizations II: Ultimate Edition
11610,Dragon Nest
11450,Overlord
495910,Dungeon Fighter Online
597220,West of Loathing
589290,Holdfast: Nations At War
962730,Skater XL - The Ultimate Skateboarding Game
1279610,PrprLive
13250,Unreal Gold
211600,Thief Gold
909080,Cube Escape: Paradox
444480,Broken Dreams
587620,Okami HD
1135690,Unpacking
405900,Disgaea PC
865360,We Were Here Together
230190,War for the Overworld
1259980,RIDE 4
2593370,The Hungry Lamb: Traveling in the Late Ming Dynasty
399790,Destiny Warriors RPG
47400,Stronghold 3 Gold
265300,Lords Of The Fallen 2014
1448530,Soccer Manager 2021
7650,X-COM: Terror From the Deep
343780,Cat Goes Fishing
712100,A Total War Saga: THRONES OF BRITANNIA
323060,Tharsis
824550,SD GUNDAM BATTLE ALLIANCE
769560,月圆之夜 (Night of Full Moon)
253430,CastleMiner Z
315430,Polarity
398850,Epistory - Typing Chronicles
576120,Purgatory II
773951,Freeman: Guerrilla Warfare
461910,Forge of Gods (RPG)
1402020,SCP: Labrat
950100,PRO EVOLUTION SOCCER 2019 LITE
108200,Ticket to Ride: Classic Edition
250600,The Plan
224960,Tomb Raider I (1996)
533780,Zombie Defense
2015270,Rotwood
42120,Lead and Gold: Gangs of the Wild West
506140,Shop Heroes
498240,Batman - The Telltale Series
731040,The Invincible
8800,Civilization IV: Beyond the Sword
232790,Broken Age
427100,Fernbus Simulator
482920,Hero Zero
291410,Duelyst
369990,"Gremlins, Inc."
604240,Shotgun Farmers
213850,Magic 2014 — Duels of the Planeswalkers
1173770,FINAL FANTASY
382310,Eco
242680,Nuclear Throne
1662940,Anatomy of Fear
234080,Castlevania: Lords of Shadow – Ultimate Edition
448280,Job Simulator
270570,Reversion - The Escape (1st Chapter)
894020,Death's Door
1182620,Impostor Factory
1113120,IXION
552620,ATOM RPG: Post-apocalyptic indie game
12710,Overlord: Raising Hell
338180,Batla
807120,Iratus: Lord of the Dead
70300,VVVVVV
458710,Kingdom Rush Frontiers - Tower Defense
266210,One Way Heroics
15120,Tom Clancy's Rainbow Six Vegas 2
764790,The Messenger
1106850,Totally Reliable Delivery Service Beta
6370,Bloodline Champions
222940,THE KING OF FIGHTERS XIII STEAM EDITION
822240,Animal Jam
358130,Curious Expedition
1989270,Slay the Princess
234190,Receiver
618140,Barro
214190,Minimum
1414850,Nickelodeon All-Star Brawl
396160,Secret Of Magia
1677770,The Case of the Golden Idol
307290,Velvet Sundown
504130,Manual Samuel - Anniversary Edition
459220,Halo Wars: Definitive Edition
2103140,Magicraft
219780,Divinity II: Developer's Cut
2200,Quake III Arena
351030,Pixel Puzzles Ultimate Jigsaw
1218740,Rakion Chaos Force
2369390,Far Cry 6
227180,Kingdom Wars
586380,VITATIO 2
928600,F1 2019
598980,The Coin Game
220740,Chaos on Deponia
334920,Zero-K
513000,KUBOOM
326360,Warspear Online
672630,Academia : School Simulator
599390,Battle for Wesnoth
2088570,Tiny Rogues
353380,Steam Link
790740,Tick Tock: A Tale for Two
32510,LEGO Star Wars III - The Clone Wars
15170,Heroes of Might & Magic V
2420110,Horizon Forbidden West Complete Edition
2294450,CaseCracker2
647830,LEGO Marvel Super Heroes 2
410340,Liftoff: FPV Drone Racing
555220,Detention
799960,Wizard101
460810,Vanquish
375820,Human Resource Machine
1206610,Rubber Bandits
610370,Desperados III
1507190,Machinika: Museum
734750,PickCrafter
448630,Rabiez: Epidemic
1278480,Smart Game Booster
449680,SAMOLIOTIK
1434950,HighFleet
480430,Hide and Shriek
831450,Kolb Antarctica Experience
356040,Sheltered
402390,Hyperdrive Massacre
327890,I Am Bread
274290,Gods Will Be Watching
107200,Space Pirates and Zombies
1836220,Frigore
1408680,Nine to Five
1774580,STAR WARS Jedi: Survivor
2144740,Ghostrunner 2
49540,Aliens: Colonial Marines Collection
420110,NEKOPARA Vol. 2
257750,Bloody Trapland
33100,Alien Shooter
613830,CHRONO TRIGGER
2027330,GoreBox
382120,Journey To The Center Of The Earth
667720,Red Faction Guerrilla Re-Mars-tered
1148650,The Legend of Bum-Bo
258520,The Vanishing of Ethan Carter
964440,Hell is Others
333640,Caves of Qud
298050,Master of Orion
241560,The Crew
229480,Dungeons & Dragons: Chronicles of Mystara
421050,Deponia Doomsday
270850,Car Mechanic Simulator 2014
1367550,Kingdom Rush Vengeance - Tower Defense
927350,Hood: Outlaws & Legends
356570,Party Hard
322190,SteamWorld Heist
774801,Crab Champions
289690,LARA CROFT AND THE TEMPLE OF OSIRIS
362930,Garfield Kart
573100,Battlefleet Gothic: Armada 2
1562700,SANABI
317250,Airscape - The Fall of Gravity
290300,Rebel Galaxy
98400,Hard Reset Extended Edition
761620,Beholder 2
2290,Final DOOM
91700,E.Y.E: Divine Cybermancy
438640,LEGO STAR WARS: The Force Awakens
2063400,Descension
349720,Audition Online
513510,Intralism
730310,DYNASTY WARRIORS 9
784080,MechWarrior 5: Mercenaries
397060,Faeria
1238060,Dead Space 3
1364020,Boundary
25890,Hearts of Iron III
496240,Onward
882790,Fate Seeker
695630,Chinese Paladin：Sword and Fairy
250420,8BitMMO
1669000,Age of Wonders 4
1227530,Partisans 1941
221260,Little Inferno
233980,UnEpic
597760,Yuppie Psycho: Executive Edition
232430,Gone Home
434050,Duke Nukem 3D: 20th Anniversary World Tour
39690,ArcaniA
933820,Endzone - A World Apart
35130,Lara Croft and the Guardian of Light
1403370,Zenith: The Last City
1437880,Heroes of the Three Kingdoms 7
427410,Abiotic Factor
1044720,Farthest Frontier
2334730,Death Must Die
213650,Dwarfs - F2P
303210,The Beginner's Guide
239120,Final Fantasy III (3D Remake)
1216710,Cyber Manhunt
570780,古剑奇谭(GuJian)
449200,Calcu-Late
1340020,Aster Fpv Drone Simulator
451880,Catch a Falling Star
244090,Sid Meier’s Ace Patrol: Pacific Skies
1407530,Warrior Beneath Heaven
665360,Comedy Night
415200,Motorsport Manager
2095300,Breakout 13
753420,Dungreed
8140,Tomb Raider: Underworld
410210,Ampersand
300040,Divine Souls F2P MMO
2109460,VillageRhapsody
619150,while True: learn()
306020,Bloons TD 5
384180,Prominence Poker
313690,LEGO Batman 3: Beyond Gotham
629380,Cosmic Pioneer
258180,Deus Ex: The Fall
927380,Yakuza Kiwami 2
934840,FrostRunner
233840,Worms Clan Wars
1940340,Darkest Dungeon II
327640,CaesarIA
356880,Eron
253250,Stonehearth
816090,Space Hulk: Deathwing Enhanced Edition
1330470,F.I.S.T.: Forged In Shadow Torch
6870,Battlestations: Midway
1128920,EVERSPACE 2
1349230,5D Chess With Multiverse Time Travel
1097200,Twelve Minutes
13560,Tom Clancy's Splinter Cell
1392820,Milk inside a bag of milk inside a bag of milk
304730,Train Fever
2060130,Return to Monkey Island
205910,Tiny and Big: Grandpa's Leftovers
732430,Superflight
1137460,ALTF4
313340,Mountain
990630,The Last Campfire
382110,Virtual Desktop Classic
94200,Jamestown
2620,Call of Duty (2003)
287370,COH 2 - The Western Front Armies: US Forces
592600,PRO EVOLUTION SOCCER 2018 LITE
1449690,The Walking Dead: The Telltale Definitive Series
2810,X3: Reunion
1282210,DEEMO -Reborn-
277430,Halo: Spartan Assault
505230,Pathologic 2
338540,Navy Field 2 : Conqueror of the Ocean
233470,Evoland
593600,PixARK
6800,Commandos: Behind Enemy Lines
814370,Monster Sanctuary
41900,The Bard's Tale ARPG: Remastered and Resnarkled
429570,The Walking Dead: Michonne - A Telltale Miniseries
601840,Griftlands
292410,Street Racing Syndicate
261180,Lethal League
71250,Sonic Adventure DX
486310,Meadow
353130,Time of Dragons
546980,Midnight Carnival
2172180,Howl
705220,Tactical Monsters Rumble Arena
209540,Strike Suit Zero
26900,Crayon Physics Deluxe
235210,STRIDER / ストライダー飛竜
403900,Clergy Splode
1578650,Citizen Sleeper
541300,Survive the Nights
1240210,There Is No Game: Wrong Dimension
245280,ENSLAVED: Odyssey to the West Premium Edition
314970,Age of Conquest IV
1372810,Teamfight Manager
1486350,VRoid Studio v0.13.1
737800,F1 2018
1364100,Lacuna – A Sci-Fi Noir Adventure
263760,Turbo Dismount
314000,Pool Nation FX Lite
1068820,OVR Toolkit
1222370,Necromunda: Hired Gun
234390,Teleglitch: Die More Edition
290730,My Lands: Black Gem Hunting
1009560,The Tenants
1186640,Pumpkin Jack
313730,Sunrider: Mask of Arcadius
1496790,Gotham Knights
973810,Journey To The Savage Planet
809140,Cliff Empire
1235140,Yakuza: Like a Dragon
1286350,BPM: BULLETS PER MINUTE
22650,Alien Breed 2: Assault
438680,One Troll Army
1681430,RoboCop: Rogue City
218410,Defender's Quest: Valley of the Forgotten (DX edition)
1373500,Mist of the Undead
214770,Guacamelee! Gold Edition
1054490,Wingspan
353640,Train Valley
981890,Olympic Games Tokyo 2020 – The Official Video Game
637100,Sonic Forces
341000,Mad Games Tycoon
1488200,Symphony of War: The Nephilim Saga
4770,Rome: Total War - Alexander
999730,Secret Neighbor Beta
8080,Kane and Lynch: Dead Men
1105510,Yakuza 5 Remastered
1140620,CosmicBreak Universal
342980,Destination Sol
1154790,XIII
690530,灵魂筹码 Soul at Stake
272470,The Incredible Adventures of Van Helsing II
2140020,Stronghold: Definitive Edition
514900,>observer_
32400,"STAR WARS Dark Forces (Classic, 1995)"
3330,Zuma Deluxe
1112400,Project Torque - Free 2 Play MMO Racing Game
385070,Atonement: Scourge of Time
252330,Slender: The Arrival
234510,Rising Storm Game of the Year Edition
368990,Despair
2406770,Bodycam
13570,Tom Clancy's Splinter Cell Chaos Theory
1122750,异化之恶〇Abnormal Treatment
790820,Valkyria Chronicles 4 Complete Edition
239430,Q.U.B.E: Director's Cut
314650,SpaceEngine
805850,Wrecked
2446550,STAR WARS: Battlefront Classic Collection
2230410,Eaten by Darkness
575860,Tomb Joe
70400,Recettear: An Item Shop's Tale
734580,BattleRush
303610,Suicide Guy
9050,DOOM 3
320140,Absolute Drift
494840,UBOAT
284950,Pixel Puzzles: Japan
1787090,MyDockFinder
1094710,Royal Crown
2252570,Football Manager 2024
1281590,The Dark Pictures Anthology: House of Ashes
3020,Call of Juarez
1111460,小白兔电商~Bunny e-Shop
311260,The Guild 3
1063660,Bendy and the Dark Revival
433350,BlackShot: Mercenary Warfare FPS
2870,X Rebirth
400910,Rabi-Ribi
914620,Mist Survival
94590,Puzzle Agent 2
874260,The Forgotten City
674500,Total Tank Simulator
436180,Spacelords
530330,Blameless
236370,Interstellar Marines
252870,PULSAR: Lost Colony
452060,Caveblazers
260430,The Four Kings Casino and Slots
24810,Command & Conquer 3: Kane's Wrath
267920,Gun Metal
207930,Sacred Citadel
205650,The Testament of Sherlock Holmes
244050,Rise of Flight United
2221490,Tom Clancy’s The Division 2
340840,The Corridor: On Behalf Of The Dead
1182020,WGT Golf
633460,Tannenberg
777130,Blush Blush
1948980,Hero's Adventure: Road to Passion
318600,The Flame in the Flood
248550,Megabyte Punch
652980,Loading Screen Simulator
420290,Blackwake
517710,Redout: Enhanced Edition
1024480,Immortal Realms: Vampire Wars
8600,RACE 07
402560,Tabletopia
674750,Yet Another Zombie Defense HD
1921980,Between Horizons
201570,Really Big Sky
1859910,Legend of Mortal
641080,Trials Rising
469820,Genital Jousting
310370,The Way of Life Free Edition
39680,The Guild II Renaissance
1191330,Inferna
1098292,DOOM Eternal: The Ancient Gods - Part One
523660,HYPERCHARGE: Unboxed
1191840,Legend Creatures(传奇生物)
1295510,DRAGON QUEST XI S: Echoes of an Elusive Age - Definitive Edition
785740,This Is the Police 2
1000010,Crown Trick
553790,Once in Yaissor
1169040,Necesse
319150,Hazard Ops
401680,POSTAL Redux
1401590,Disney Dreamlight Valley
596970,Sunless Skies: Sovereign Edition
1012790,Into the Radius VR
2012510,Stormgate
619910,Just Cause 3: Multiplayer Mod
1031140,The Horus Heresy: Legions
7000,Tomb Raider: Legend
665180,Dark Elf
1421250,Tiny Bunny
1238080,Burnout Paradise Remastered
1812620,DSX
2732820,The Great Rebellion
1363430,Propagation VR
454200,Neon Hardcorps
1048540,Kao the Kangaroo: Round 2 (2003 re-release)
412600,Lup
588140,ESCAPE FROM VOYNA: Dead Forest
220860,McPixel
314020,Morphopolis
388210,Day of the Tentacle Remastered
987840,Expeditions: Rome
344760,Reign Of Kings
900270,Reventure
6830,Commandos 2: Men of Courage
42990,Sword of the Stars II: Enhanced Edition
218740,Pid
937310,Infinitode 2 - Infinite Tower Defense
329430,State of Decay: YOSE
356500,STAR WARS Galactic Battlegrounds Saga
929010,Swag and Sorcery
34010,Alpha Protocol
298160,Eldevin
301970,Screencheat
393530,Insanity Clicker
247950,Sacred 3
282900,Hyperdimension Neptunia Re;Birth1
402840,Crusaders of the Lost Idols
339200,Oceanhorn: Monster of Uncharted Seas
22610,Alien Breed: Impact
846470,Moss
386280,Vendetta - Curse of Raven's Cry
799600,Cosmoteer: Starship Architect & Commander
293760,Automation - The Car Company Tycoon Game
378760,Pixel Starships
1144400,Senren＊Banka
406970,The Uncertain: Last Quiet Day
426000,HunieCam Studio
226580,F1 2014
1170950,Mortal Online 2
435120,Rusty Lake Hotel
295790,Never Alone (Kisima Ingitchuna)
239660,Soldier Front 2
1179580,KAKU: Ancient Seal
385730,WWE 2K16
24840,Medal of Honor: Airborne
680780,DEATH TRAIN - Warning: Unsafe VR Experience
351920,Crazy Machines 3
388880,Oxenfree
402710,Osiris: New Dawn
967250,DOKA 2 KISHKI EDITION
707030,POSTAL 4: No Regerts
816340,Kingdom Rush Origins - Tower Defense
1070330,Russian Life Simulator
814480,Mini World: Block Art
825310,Dude Simulator 2
436110,Medusa's Labyrinth
2058190,Lost Judgment
433530,Heliborne Collection
281610,Homeworld: Deserts of Kharak
316790,Grim Fandango Remastered
563120,Desolate Wastes: Vendor Chronicles
200940,Sonic CD
7660,X-COM: Apocalypse
1677280,Company of Heroes 3
792300,The Beast Inside
643270,OLDTV
280640,Dark Shadows - Army of Evil
408900,Unfortunate Spacemen
1895880,Ratchet & Clank: Rift Apart
977880,Eastward
225640,Sacred 2 Gold
418030,Subsistence
591960,Animation Throwdown: The Quest for Cards
1547000,Grand Theft Auto: San Andreas – The Definitive Edition
1294660,Divine Knockout (DKO)
868360,Project Hospital
919640,Steel Division 2
12360,FlatOut: Ultimate Carnage Collector's Edition
266310,GameGuru Classic
776960,Mouse (Sneaking)
241910,Goodbye Deponia
332500,GRAV
692890,Roboquest
671440,Rise of Industry
421040,Plantera
342560,Airships: Conquer the Skies
1649080,Two Point Campus
357190,ULTIMATE MARVEL VS. CAPCOM 3
39650,The Guild II
1130410,Cyber Hook
291860,Pit People
3320,Insaniquarium Deluxe
1307890,Kingdoms Reborn
298900,Space Hulk: Deathwing
385080,Guardians of Victoria
1085510,Garfield Kart - Furious Racing
488210,JDM Tuner Racing
512790,Quern - Undying Thoughts
1106530,GemCraft - Frostborn Wrath
224940,Legacy of Kain: Soul Reaver 2
1911390,Knightfall: A Daring Journey
547960,Space Beret
365960,rFactor 2
812810,missed messages.
251150,The Legend of Heroes: Trails in the Sky
764030,Realm Revolutions
1364390,Animaze by FaceRig
278460,Skyborn
1583320,Pro Soccer Online
846770,DYSMANTLE
40960,Stronghold 2: Steam Edition
434460,Rock of Ages 2: Bigger & Boulder
837380,DeoVR Video Player
1928980,Nightingale
562860,Ion Fury
7830,Men of War
740250,Neos VR
518150,Intruder
263060,Blockstorm
2378900,The Coffin of Andy and Leyley
1293160,The Medium
25980,Majesty 2
435790,10 Second Ninja X
225320,Tomb Raider III (1998)
1114940,I Wanna Maker
656350,UnderMine
250340,Blockland
433950,Bit Blaster XL
1237980,STAR WARS Battlefront
952070,RESIDENT EVIL RESISTANCE
587860,Tales of Escape
587790,Deadly Animal Duel
512250,Oh...Sir!! The Insult Simulator
2072450,Like a Dragon: Infinite Wealth
1078730,Soccer Manager 2020
699170,Fell Seal: Arbiter's Mark
1385380,Across the Obelisk
3480,Peggle Deluxe
1182900,A Plague Tale: Requiem
470310,TROUBLESHOOTER: Abandoned Children
34900,Bad Rats: the Rats' Revenge
403560,Eaten Alive
924140,Hand Simulator: Survival
283880,Heroine's Quest: The Herald of Ragnarok
1096710,Hello Neighbor Alpha 4
2187290,Wall World
1157390,King Arthur: Knight's Tale
1281800,Samsara Room
1396240,Contraband Police: Prologue
520440,GUILTY GEAR Xrd REV 2
1129310,Receiver 2
499420,Star Fields
893180,Catherine Classic
1520,DEFCON
324310,Bus Simulator 16
883860,Cadria Item Shop
277590,Assassin's Creed Freedom Cry
215510,Rocketbirds: Hardboiled Chicken
691260,POPULATION: ONE
594330,Visage
1531720,Need for Drive - Open World Multiplayer Racing
2080690,Sunkenland
65780,ARMA: Gold Edition
429180,Project CARS - Pagani Edition
607050,Wargroove
1079800,Pistol Whip
13600,Prince of Persia: The Sands of Time
935270,Great Hero's Beard
262280,Dungeons 2
491530,Notruf 112 | Emergency Call 112
691020,Fog Of War - Free Edition
33110,Alien Shooter: Revisited
228400,Ace Combat Assault Horizon - Enhanced Edition
1296610,Peglin
719040,Wasteland 3
410710,System Shock: Enhanced Edition
456670,Hand of Fate 2
1335790,Operation: Tango
249990,FORCED: Slightly Better Edition
280180,Hover
987350,PlanetSide Arena
267530,The LEGO Movie - Videogame
326160,Shroud of the Avatar: Forsaken Virtues
218510,Planets Under Attack
420740,The Deed
1506630,Minicraft Shooter
692530,Community Garden
233700,Sword of the Stars: The Pit
311730,DEAD OR ALIVE 5 Last Round: Core Fighters
382560,Hot Lava
249590,Teslagrad
1594940,Little Witch in the Woods
586980,MadOut2 BigCityOnline [CLOSED]
1571440,Lunch Lady
1331550,Big Ambitions
1676840,For The King II
496680,SweatShop
1281630,Anno 1404 - History Edition
1329500,SpiderHeck
474750,Reigns
207690,Botanicula
253940,Septerra Core
829590,CryoFall
1574580,Strange Horticulture
1049890,Little Witch Nobeta
1404850,Luck be a Landlord
586140,BlazBlue Centralfiction
893030,Music Racer
222750,Wargame: Airland Battle
547680,Guild Quest
9310,"Warhammer 40,000: Dawn of War – Winter Assault"
2059790,再刷一把 PlayAgain
1874880,Arma Reforger
466500,35MM
1160220,Paradise Killer
1220010,Home Behind 2
407130,Tank Mechanic Simulator
526540,8infinity
526160,The Wild Eight
231140,Cities XL Platinum
493370,Ragnarok Clicker
245470,Democracy 3
202530,Sonic the Hedgehog 4 - Episode I
253920,Gorky 17
412470,Metal War Online: Retribution
621830,WRC 7 FIA World Rally Championship
2114740,Blasphemous 2
2381590,Only Up
1110390,Unturned - Dedicated Server
705210,Cube Racer
550010,Happy Room
360740,Downwell
258760,Scania Truck Driving Simulator
334310,Plebby Quest: The Crusades
892420,懒人修仙传
26500,Cogs
400240,The Deer
557810,Clicker Guild
1121640,The Wandering Village
102840,Shank 2
898750,Super Robot Wars 30
1267470,Warriors of the Nile
435530,The Final Station
274500,Brigador: Up-Armored Edition
463530,Empires of the Undergrowth
91600,Sanctum
243040,Startopia
425580,The Room Two
381990,Dragon Saga
840800,Outlaws of the Old West
333950,Medieval Engineers
498320,Trolley Gold
336510,Anno Online
239250,Castlevania: Lords of Shadow 2
304530,Agents of Mayhem
294040,Loot Hero DX
39160,Dungeon Siege III
203630,Warlock - Master of the Arcane
1476720,Retro Run
38700,Toki Tori
449140,Istrolid
22230,Rock of Ages
800270,Terraforming Mars
213330,LEGO Batman 2: DC Super Heroes
520720,Dear Esther: Landmark Edition
1252600,ANOTHER EDEN
383270,Hue
979080,Rebel Forces
875310,LIBERATED
595280,Throne of Lies: Medieval Politics
1519350,Madden NFL 22
1016120,PGA TOUR 2K21
363890,RPG Maker MV
33460,From Dust
1000360,Hellish Quart
359900,The Incredible Adventures of Van Helsing III
493650,Deep Space Dash
1900,Earth 2160
421120,Samorost 3
314410,Rampage Knights
17440,SPORE Creepy & Cute Parts Pack
57650,Dungeons
797430,HD Poker: Texas Hold'em
375530,"Football, Tactics & Glory"
677160,We Were Here Too
1119980,In Sound Mind
40400,AI War: Fleet Command
675260,Batman: The Enemy Within - The Telltale Series
225600,Blade Symphony
840260,Endless World Idle RPG
1197570,Until We Die
1579380,Shadow Tactics: Aiko's Choice
1227690,Severed Steel
98800,Dungeons of Dredmor
1273400,Construction Simulator
671510,DESOLATE
598330,SimAirport
262940,Broken Sword 5 - the Serpent's Curse
368730,No Time To Explain Remastered
513560,Hunger Dungeon
2967460,RED TREES RAIL. CO.
952860,河洛群俠傳 (Ho Tu Lo Shu ： The Books of Dragon)
1343240,Thymesia
318430,Squishy the Suicidal Pig
201210,Pox Nora
861540,Dicey Dungeons
214790,The Basement Collection
12130,Manhunt
25900,King's Bounty: The Legend
530070,Train Sim World 2020
1035930,Nyasha
1559390,Fate Seeker II
558990,Opus Magnum
1712840,Tiny Tina's Assault on Dragon Keep: A Wonderlands One-shot Adventure
2365810,Pseudoregalia
684410,Bridge Constructor Portal
1433140,The Texas Chain Saw Massacre
442070,Drawful 2
714120,Little Misfortune
3170,King's Bounty: Armored Princess
227100,Sniper Elite: Nazi Zombie Army
25800,Europa Universalis III Complete
757320,Atomicrops
1495250,LineVox
1129190,Our Life: Beginnings & Always
108210,Memoir '44 Online
1615290,Ravenous Devils
422970,Devil Daggers
99910,Puzzle Pirates
443580,Antenna
1084520,雀姬/姫麻雀
400940,Budget Cuts
1343620,Nemesis: Distress
420560,Firefighting Simulator - The Squad
1069160,SKALD: Against the Black Priory
41100,Hammerfight
934780,American Fugitive
1158980,Idle Big Devil
9160,Master Levels for Doom II
1948800,Yi Xian: The Cultivation Card Game
1123770,Curse of the Dead Gods
1179680,Wurm Online
391260,Labyronia RPG
428950,"Kivi, Toilet and Shotgun"
340540,TDP4:Team Battle
226720,LOST PLANET 3
328080,Rise to Ruins
627950,1914: Prelude to Chaos
1714320,Find Love or Die Trying
673560,IOSoccer
1166290,Death and Taxes
354640,The Settlers Online
1342330,Mad Games Tycoon 2
408410,X-Morph: Defense
869760,Stoneshard: Prologue
984110,SYNTHETIK: Arena
1276790,Ruined King: A League of Legends Story
215470,Primal Carnage
1427150,The Episodic
897450,The Survivalists
1286530,Black Skylands: Origins
1003890,Blacksad: Under the Skin
222520,Champions of Regnum
115110,Stacking
313160,Farming Simulator 15
499520,The Turing Test
7600,Sid Meier's Railroads!
1436990,Feign
329070,SpyParty
257170,Rebuild 3: Gangs of Deadsville
37420,"Time Gentlemen, Please! and Ben There, Dan That! Special Edition  Double Pack"
664430,WWE 2K18
1880330,Sanfu
581630,Sword With Sauce
608990,The Archotek Project
1340530,Mr. Prepper: Prologue
540840,Lara Croft GO
435400,Hidden Folks
386620,"Cook, Serve, Delicious! 2!!"
1237320,Sonic Frontiers
274560,Revolution Ace
1126290,Lost
1283410,Tails of Iron
237950,UFO: Afterlight
19980,Prince of Persia
434170,The Jackbox Party Pack 3
312610,METAL SLUG X
513230,The Underground Man
1028470,Dis The Game
1243830,Overcooked! All You Can Eat
1394270,SCP: Escape Together
326410,Windward
423880,Carpe Diem
1766740,Choo-Choo Charles
527760,Just Hero
387860,the static speaks my name
1024380,Second Extinction
1204050,Pixel Studio for pixel art
448070,Red Risk
1036890,Shadow Warrior 3: Definitive Edition
986130,Shadows of Doubt
275490,Canyon Capers
978460,Emily is Away <3
572410,Steel Division: Normandy 44
33120,Alien Shooter 2: Reloaded
546430,Pathway
533300,Zup!
466300,Planescape: Torment: Enhanced Edition
1002970,Freefall 3050AD
376870,Minecraft: Story Mode - A Telltale Games Series
401190,Dinosaur Hunt
1220140,Cartel Tycoon
263980,Out There Somewhere
1527460,Shadow of Azrael
400510,The Final Take
317410,Color Symphony
808290,Runes of Magic
397720,Romance of the Three Kingdoms Maker
313740,Sakura Spirit
268650,From the Depths
1486630,Intravenous
204240,The Bridge
444490,POLYWAR
208750,Apotheon
805940,RUSSIA BATTLEGROUNDS
314280,The Forgotten Ones
253490,CABAL Online
1205520,Pentiment
1239520,Madden NFL 21
237630,DuckTales: Remastered
447920,Drift (Over) Drive
204180,Waveform
790850,Undead Horde
214870,Painkiller Hell & Damnation
29800,Caster
370360,TIS-100
1105420,Game of Thrones Winter is Coming
1876890,Wandering Sword
589780,The Red Strings Club
1275630,Drug Dealer Simulator: Free Sample
297020,The Culling Of The Cows
600750,Star Trek Timelines
1477070,Depersonalization
95300,Capsized
1098540,Monsters sandbox
327410,A Bird Story
1148590,DOOM 64
423580,Project Highrise
992310,Backbone: Prologue
1465860,*NEW* SCUFFED EPIC BHOP SIMULATOR 2023 (POG CHAMP)
1171690,Wayfinder
527770,Russian SuperHero Dead Ivan
848350,Katamari Damacy REROLL
589590,Kindergarten
784950,CONFLICT OF NATIONS: WORLD WAR 3
1271700,HOT WHEELS UNLEASHED
321800,Icewind Dale: Enhanced Edition
979060,Bloons Adventure Time TD
61700,Might & Magic: Clash of Heroes
1504570,Cultivation Tales
1563180,Internet Cafe Simulator 2
1730590,The Entropy Centre
1229380,Everhood
708720,Gridiron
1458140,Pacific Drive
606800,Startup Company
368390,The Darkside Detective
363930,Dead Age
979110,Space Haven
1110910,Mortal Shell
624270,The Painscreek Killings
1275890,Baldi's Basics Plus
312450,Order of Battle: World War II
375460,16bit Trader
203830,The Dark Eye: Chains of Satinav
1170880,Grimm's Hollow
1822030,The Library of Babel
296870,Dreaming Sarah
498660,Mind Spheres
211740,Thief II: The Metal Age
1367170,Planet's Edge
243200,The Dark Eye: Memoria
8170,Battlestations Pacific
287120,Ionball 2: Ionstorm
314450,Star Saviors
340050,Survivalist
755800,Hades' Star
1353300,Idle Slayer
644570,Material Girl
71230,Crazy Taxi
384490,NECROPOLIS: BRUTAL EDITION
504210,SHENZHEN I/O
444220,Asteroid Bounty Hunter
2420,The Ship: Single Player
1604000,Milk outside a bag of milk outside a bag of milk
746580,HARDCORE MECHA
391780,Uebergame
663390,Rento Fortune: Online Dice Board Game (大富翁)
1362420,Siege Survival: Gloria Victis Prologue
208730,Game of Thrones
1079260,Fireworks Mania - An Explosive Simulator
115800,Owlboy
688420,Bad North: Jotunn Edition
757310,Sable
346120,Boring Man - Online Tactical Stickman Combat
1105500,Yakuza 4 Remastered
2210,Quake 4
522470,The House of Da Vinci
502550,Strike.is: The Game
562590,Galactic Junk League
32390,STAR WARS Jedi Knight - Mysteries of the Sith
243930,Bound By Flame
323320,Grow Home
1252780,Bloons Monkey City
254960,Silent Storm Gold Edition
1591520,Clownfield 2042
824270,KovaaK's
212010,Galaxy on Fire 2 Full HD
65740,Carrier Command: Gaea Mission
231200,Kentucky Route Zero: PC Edition
446020,Jalopy
667600,Sky Force Reloaded
270450,Robot Roller-Derby Disco Dodgeball
543460,Dead Rising 4
1507970,Word Game: Episode 0
1811990,Wildfrost
243800,Gas Guzzlers Extreme
482400,System Shock
15320,IL-2 Sturmovik: 1946
214970,Intrusion 2
306040,The Howler
543900,METAL GEAR SURVIVE
214730,Space Rangers HD: A War Apart
252610,Death Road to Canada
12320,Sacred Gold
920490,Driver Booster for Steam
1104280,The Slormancer
314660,Oddworld: New 'n' Tasty
1184160,RUSSIAPHOBIA
1150440,Aliens: Dark Descent
219340,The Banner Saga: Factions
857980,Void Bastards
225000,Tomb Raider V: Chronicles
24870,Need for Speed: Shift
404590,Vikings - Wolves of Midgard
756800,Contraband Police
1097420,No-brainer Heroes 挂机吧！勇者
440650,Niche - a genetics survival game
269670,BADLAND: Game of the Year Edition
18700,And Yet It Moves
1255630,WWE 2K22
465520,PRICE
662320,METRO CONFLICT: THE ORIGIN
341720,Among Ripples
264380,Narcissu 1st & 2nd
839770,Phoenix Point
1874490,Potionomics
327070,Gloria Victis: Medieval MMORPG
487120,Citadel: Forged with Fire
502520,Ultimate General: Civil War
893680,Project Warlock
1556200,Predator: Hunting Grounds
372540,The Lost Mythologies
251990,Long Live The Queen
366250,METAL SLUG
6810,Commandos: Beyond the Call of Duty
518800,Lone Leader
1067310,Gravitas
1225560,Unravel
1305420,Agrou
2351560,Apocalypse Party
1138850,Heavenly Bodies
658850,Do Not Feed the Monkeys
571310,SteamWorld Dig 2
204530,Infested Planet
1583230,High On Life
1140270,Monster Prom 2: Monster Camp
1172650,INDUSTRIA
1092720,Hello Neighbor Alpha 2
673750,Super Bunny Man
447850,The Next Door
1771980,The Operator
1218250,We Went Back
578620,GORN
922320,Sniper 3D Assassin: Free to Play
2163330,Yet Another Zombie Survivors
1386900,Observer: System Redux
461560,MANDAGON
244070,Sid Meier’s Ace Patrol
1436590,Phoenotopia: Awakening
212630,Tom Clancy's Ghost Recon: Future Soldier
1236300,Resident Evil Re:Verse
230270,N++ (NPLUSPLUS)
1577120,The Quarry
699920,Despotism 3k
661130,ChilloutVR
327220,Anna's Quest
604990,Stratside
2192640,The Iron Union
1792250,Serious Sam: Siberian Mayhem
220660,StarDrive
658570,FURIDASHI: Drift Cyber Sport
227860,Castle Story
536270,Ancestors: The Humankind Odyssey
286100,You Have to Win the Game
308060,Black The Fall
1173820,FINAL FANTASY VI
249630,Delver
540900,Nuclear Contingency
1244090,Sea of Stars
219910,Edna & Harvey: Harvey's New Eyes
247910,Sniper Elite: Nazi Zombie Army 2
344740,CRYPTARK
992640,Pagan: Absent Gods
991170,Barn Finders
557600,Gorogoa
545650,High Profits
224300,Legacy of Kain: Defiance
983970,Haven
2273430,BlazBlue Entropy Effect
575490,Let's Draw
1293860,The Riftbreaker: Prologue
1869090,Witches of the Fourth Multiplayer
115120,Iron Brigade
1590910,Forgive Me Father
778700,Amorous
553310,Lethal League Blaze
504490,The God's Chain
287371,CoH 2 - The Western Front Armies: Oberkommando West
322110,20XX
473560,Cosmic Dust & Rust
562360,"Planes, Bullets and Vodka"
1532690,BLACKTAIL
397460,The Jackbox Party Pack 2
363680,Battlefleet Gothic: Armada
1310520,Occupy Mars: Prologue
300970,Fiesta Online NA
718560,Scythe: Digital Edition
1021770, Wanba Warriors
